전표번호,회계일자,계정과목,적요,차변금액,입력자,입력일시
JV00831,2025-01-01,접대비,접대비 01월 정산분,2297000.0,정부장,2025-01-02 12:26:00
JV02416,2025-01-01,매출원가,매출원가 01월 정산분,4185000.0,박과장,2025-01-05 15:12:00
JV02705,2025-01-01,지급수수료,지급수수료 01월 정산분,2412000.0,김대리,2025-01-04 13:40:00
JV02991,2025-01-01,외주가공비,외주가공비 01월 정산분,346000.0,이차장,2025-01-01 09:54:00
JV02397,2025-01-02,외주가공비,외주가공비 01월 정산분,561000.0,이차장,2025-01-06 11:03:00
JV02655,2025-01-02,잡비,잡비 01월 정산분,74000.0,김대리,2025-01-05 17:21:00
JV00230,2025-01-02,잡비,잡비 01월 정산분,201000.0,최사원,2025-01-02 18:48:00
JV00014,2025-01-02,매출,매출 01월 정산분,278000.0,김대리,2025-01-03 17:24:00
JV00076,2025-01-02,외주가공비,외주가공비 01월 정산분,333000.0,최사원,2025-01-04 14:39:00
JV02953,2025-01-02,외주가공비,외주가공비 01월 정산분,9800000.0,이차장,2025-01-05 09:38:00
JV01732,2025-01-02,광고선전비,광고선전비 01월 정산분,1035000.0,정부장,2025-01-05 09:45:00
JV01230,2025-01-02,소모품비,소모품비 01월 정산분,1167000.0,정부장,2025-01-04 09:19:00
JV00353,2025-01-02,소모품비,소모품비 01월 정산분,3586000.0,최사원,2025-01-02 15:13:00
JV02194,2025-01-03,접대비,접대비 01월 정산분,77000.0,이차장,2025-01-06 15:09:00
JV02751,2025-01-03,매출원가,매출원가 01월 정산분,419000.0,최사원,2025-01-06 15:05:00
JV02591,2025-01-03,매출,매출 01월 정산분,769000.0,정부장,2025-01-05 09:18:00
JV00141,2025-01-03,접대비,접대비 01월 정산분,300000.0,김대리,2025-01-03 17:19:00
JV01848,2025-01-03,지급수수료,지급수수료 01월 정산분,498000.0,이차장,2025-01-04 11:43:00
JV01362,2025-01-03,매출,매출 01월 정산분,202000.0,박과장,2025-01-04 15:46:00
JV02472,2025-01-04,매출원가,매출원가 01월 정산분,18076000.0,김대리,2025-01-04 14:39:00
JV02673,2025-01-04,지급수수료,지급수수료 01월 정산분,225000.0,김대리,2025-01-05 12:47:00
JV01756,2025-01-04,지급수수료,지급수수료 01월 정산분,31000.0,박과장,2025-01-04 15:59:00
JV01496,2025-01-05,여비교통비,여비교통비 01월 정산분,494000.0,최사원,2025-01-07 18:28:00
JV00066,2025-01-05,소모품비,소모품비 01월 정산분,3047000.0,이차장,2025-01-06 16:56:00
JV02026,2025-01-05,여비교통비,여비교통비 01월 정산분,1109000.0,최사원,2025-01-05 12:46:00
JV02272,2025-01-05,매출원가,매출원가 01월 정산분,147000.0,김대리,2025-01-08 14:44:00
JV01361,2025-01-05,잡비,잡비 01월 정산분,348000.0,김대리,2025-01-06 14:11:00
JV01117,2025-01-05,선급비용,선급비용 01월 정산분,388000.0,최사원,2025-01-07 16:56:00
JV02859,2025-01-05,복리후생비,복리후생비 01월 정산분,856000.0,박과장,2025-01-09 17:42:00
JV01387,2025-01-05,외주가공비,외주가공비 01월 정산분,9950000.0,이차장,2025-01-06 14:04:00
JV02071,2025-01-05,지급수수료,지급수수료 01월 정산분,183000.0,이차장,2025-01-06 12:05:00
JV02942,2025-01-05,소모품비,소모품비 01월 정산분,812000.0,김대리,2025-01-06 15:32:00
JV00885,2025-01-05,선급비용,선급비용 01월 정산분,2542000.0,최사원,2025-01-09 15:02:00
JV00143,2025-01-06,복리후생비,복리후생비 01월 정산분,365000.0,최사원,2025-01-06 17:05:00
JV02080,2025-01-06,복리후생비,복리후생비 01월 정산분,347000.0,이차장,2025-01-10 11:55:00
JV01908,2025-01-06,매출,매출 01월 정산분,741000.0,이차장,2025-01-08 08:32:00
JV00242,2025-01-06,선급비용,선급비용 01월 정산분,4174000.0,김대리,2025-01-06 08:12:00
JV01814,2025-01-06,매출,매출 01월 정산분,250000.0,정부장,2025-01-10 13:20:00
JV01219,2025-01-06,복리후생비,복리후생비 01월 정산분,1304000.0,최사원,2025-01-08 10:11:00
JV02623,2025-01-06,매출,매출 01월 정산분,1978000.0,박과장,2025-01-10 16:44:00
JV01124,2025-01-06,소모품비,소모품비 01월 정산분,1266000.0,김대리,2025-01-07 14:57:00
JV00419,2025-01-06,매출,매출 01월 정산분,342000.0,최사원,2025-01-08 18:52:00
JV00850,2025-01-06,외주가공비,외주가공비 01월 정산분,541000.0,정부장,2025-01-09 12:44:00
JV02475,2025-01-07,매출,매출 01월 정산분,1809000.0,최사원,2025-01-09 14:12:00
JV02690,2025-01-07,미지급비용,미지급비용 01월 정산분,319000.0,최사원,2025-01-08 11:41:00
JV02895,2025-01-07,매출원가,매출원가 01월 정산분,1121000.0,정부장,2025-01-07 11:29:00
JV02532,2025-01-07,미지급비용,미지급비용 01월 정산분,3284000.0,이차장,2025-01-09 11:26:00
JV01930,2025-01-07,복리후생비,복리후생비 01월 정산분,146000.0,이차장,2025-01-10 08:39:00
JV01194,2025-01-07,매출원가,매출원가 01월 정산분,303000.0,정부장,2025-01-08 16:10:00
JV02225,2025-01-08,지급수수료,지급수수료 01월 정산분,1387000.0,김대리,2025-01-09 14:42:00
JV00394,2025-01-08,외주가공비,외주가공비 01월 정산분,563000.0,김대리,2025-01-08 15:38:00
JV00627,2025-01-08,잡비,잡비 01월 정산분,11680000.0,김대리,2025-01-08 08:02:00
JV00545,2025-01-08,소모품비,소모품비 01월 정산분,946000.0,최사원,2025-01-08 10:26:00
JV00376,2025-01-08,지급수수료,지급수수료 01월 정산분,3106000.0,최사원,2025-01-09 08:56:00
JV90006,2025-01-08,외주가공비,외주가공비 01월 정산분,563000.0,김대리,2025-01-08 15:38:00
JV02776,2025-01-09,소모품비,소모품비 01월 정산분,108000.0,김대리,2025-01-09 09:02:00
JV01129,2025-01-09,광고선전비,광고선전비 01월 정산분,68000.0,이차장,2025-01-13 08:43:00
JV01799,2025-01-10,매출원가,매출원가 01월 정산분,223000.0,이차장,2025-01-11 10:25:00
JV02919,2025-01-10,매출,매출 01월 정산분,1877000.0,이차장,2025-01-10 11:36:00
JV01774,2025-01-10,소모품비,소모품비 01월 정산분,782000.0,최사원,2025-01-13 13:21:00
JV00472,2025-01-10,복리후생비,복리후생비 01월 정산분,6414000.0,이차장,2025-01-11 14:57:00
JV01153,2025-01-10,미지급비용,미지급비용 01월 정산분,1195000.0,박과장,2025-01-11 13:18:00
JV01298,2025-01-10,매출,매출 01월 정산분,702000.0,김대리,2025-01-10 08:20:00
JV00194,2025-01-10,미지급비용,미지급비용 01월 정산분,450000.0,최사원,2025-01-11 17:43:00
JV02685,2025-01-10,접대비,접대비 01월 정산분,287000.0,정부장,2025-01-12 11:49:00
JV01116,2025-01-10,선급비용,선급비용 01월 정산분,216000.0,김대리,2025-01-11 14:28:00
JV02074,2025-01-11,지급수수료,지급수수료 01월 정산분,929000.0,김대리,2025-01-12 17:27:00
JV02451,2025-01-11,미지급비용,미지급비용 01월 정산분,2465000.0,박과장,2025-01-14 15:59:00
JV02164,2025-01-11,소모품비,소모품비 01월 정산분,100000.0,박과장,2025-01-11 15:28:00
JV01770,2025-01-11,외주가공비,외주가공비 01월 정산분,247000.0,정부장,2025-01-11 09:58:00
JV00639,2025-01-11,광고선전비,광고선전비 01월 정산분,4076000.0,이차장,2025-01-13 15:51:00
JV01170,2025-01-12,선급비용,선급비용 01월 정산분,1076000.0,이차장,2025-01-13 14:04:00
JV00198,2025-01-12,잡비,잡비 01월 정산분,163000.0,박과장,2025-01-16 16:42:00
JV01746,2025-01-12,여비교통비,여비교통비 01월 정산분,1321000.0,최사원,2025-01-12 16:10:00
JV00680,2025-01-12,외주가공비,외주가공비 01월 정산분,95000.0,김대리,2025-01-13 14:01:00
JV00631,2025-01-12,여비교통비,여비교통비 01월 정산분,7127000.0,이차장,2025-01-13 11:02:00
JV00374,2025-01-12,미지급비용,미지급비용 01월 정산분,727000.0,최사원,2025-01-12 14:59:00
JV02325,2025-01-12,복리후생비,복리후생비 01월 정산분,4014000.0,김대리,2025-01-15 13:13:00
JV01260,2025-01-13,선급비용,선급비용 01월 정산분,1533000.0,최사원,2025-01-17 14:58:00
JV02405,2025-01-13,복리후생비,복리후생비 01월 정산분,360000.0,이차장,2025-06-07 03:00:00
JV01584,2025-01-13,매출원가,매출원가 01월 정산분,279000.0,김대리,2025-01-15 12:20:00
JV01682,2025-01-13,매출원가,매출원가 01월 정산분,1296000.0,박과장,2025-01-17 11:09:00
JV02239,2025-01-13,선급비용,선급비용 01월 정산분,1854000.0,이차장,2025-01-17 11:17:00
JV00942,2025-01-13,매출,매출 01월 정산분,129000.0,최사원,2025-01-17 17:29:00
JV00706,2025-01-13,소모품비,소모품비 01월 정산분,292000.0,최사원,2025-01-16 09:00:00
JV02861,2025-01-13,복리후생비,복리후생비 01월 정산분,604000.0,정부장,2025-01-14 18:47:00
JV01528,2025-01-13,선급비용,선급비용 01월 정산분,13575000.0,이차장,2025-01-16 16:19:00
JV01734,2025-01-13,매출,매출 01월 정산분,28454000.0,이차장,2025-01-14 12:10:00
JV00618,2025-01-13,소모품비,소모품비 01월 정산분,13256000.0,김대리,2025-01-15 12:47:00
JV01832,2025-01-13,매출원가,매출원가 01월 정산분,1150000.0,최사원,2025-01-16 09:08:00
JV00182,2025-01-14,소모품비,소모품비 01월 정산분,910000.0,이차장,2025-01-17 12:14:00
JV00050,2025-01-14,매출원가,매출원가 01월 정산분,256000.0,박과장,2025-01-16 17:18:00
JV00905,2025-01-14,미지급비용,미지급비용 01월 정산분,2040000.0,김대리,2025-01-16 14:01:00
JV00869,2025-01-14,매출,매출 01월 정산분,3375000.0,이차장,2025-01-16 18:58:00
JV00872,2025-01-15,매출원가,매출원가 01월 정산분,22517000.0,정부장,2025-01-18 10:45:00
JV02769,2025-01-15,소모품비,소모품비 01월 정산분,1911000.0,최사원,2025-01-19 13:32:00
JV02928,2025-01-15,지급수수료,지급수수료 01월 정산분,180000.0,김대리,2025-01-18 12:58:00
JV00762,2025-01-15,접대비,접대비 01월 정산분,198000.0,박과장,2025-01-17 18:07:00
JV00386,2025-01-15,지급수수료,지급수수료 01월 정산분,1933000.0,김대리,2025-06-21 04:00:00
JV00412,2025-01-15,매출원가,매출원가 01월 정산분,1039000.0,이차장,2025-01-16 08:05:00
JV02241,2025-01-15,선급비용,선급비용 01월 정산분,167000.0,시스템,2025-01-16 12:31:00
JV01384,2025-01-16,외주가공비,외주가공비 01월 정산분,403000.0,최사원,2025-01-19 11:09:00
JV02482,2025-01-16,선급비용,선급비용 01월 정산분,1060000.0,정부장,2025-01-18 16:52:00
JV01720,2025-01-16,선급비용,선급비용 01월 정산분,903000.0,김대리,2025-01-17 11:45:00
JV01647,2025-01-16,매출원가,매출원가 01월 정산분,692000.0,박과장,2025-06-28 05:00:00
JV00091,2025-01-16,여비교통비,여비교통비 01월 정산분,789000.0,이차장,2025-01-18 08:42:00
JV00841,2025-01-16,광고선전비,광고선전비 01월 정산분,286000.0,박과장,2025-01-19 15:30:00
JV02498,2025-01-17,매출,매출 01월 정산분,642000.0,이차장,2025-01-20 15:55:00
JV01715,2025-01-17,소모품비,소모품비 01월 정산분,631000.0,최사원,2025-01-17 13:47:00
JV02481,2025-01-17,여비교통비,여비교통비 01월 정산분,391000.0,이차장,2025-01-20 17:09:00
JV00048,2025-01-17,광고선전비,광고선전비 01월 정산분,174000.0,이차장,2025-01-18 12:26:00
JV01458,2025-01-17,접대비,접대비 01월 정산분,117000.0,이차장,2025-06-07 04:00:00
JV01075,2025-01-17,지급수수료,지급수수료 01월 정산분,3255000.0,시스템,2025-01-20 15:03:00
JV01872,2025-01-17,지급수수료,지급수수료 01월 정산분,3270000.0,김대리,2025-01-18 12:15:00
JV01163,2025-01-17,지급수수료,지급수수료 01월 정산분,15867000.0,박과장,2025-01-17 11:41:00
JV00372,2025-01-18,매출원가,매출원가 01월 정산분,1133000.0,김대리,2025-01-18 12:52:00
JV01581,2025-01-18,매출원가,매출원가 01월 정산분,643000.0,박과장,2025-01-20 18:19:00
JV01239,2025-01-18,여비교통비,여비교통비 01월 정산분,313000.0,김대리,2025-01-18 11:32:00
JV00167,2025-01-18,매출원가,매출원가 01월 정산분,479000.0,박과장,2025-01-18 08:26:00
JV02488,2025-01-19,매출원가,매출원가 01월 정산분,1931000.0,정부장,2025-01-22 15:15:00
JV00455,2025-01-19,미지급비용,미지급비용 01월 정산분,1869000.0,이차장,2025-01-19 08:39:00
JV02508,2025-01-19,매출원가,매출원가 01월 정산분,2517000.0,김대리,2025-01-22 14:19:00
JV00420,2025-01-19,매출,매출 01월 정산분,89000.0,박과장,2025-01-20 12:20:00
JV02011,2025-01-19,여비교통비,여비교통비 01월 정산분,96000.0,이차장,2025-01-19 15:08:00
JV00320,2025-01-19,매출원가,매출원가 01월 정산분,223000.0,정부장,2025-01-23 13:27:00
JV01152,2025-01-19,광고선전비,광고선전비 01월 정산분,357000.0,이차장,2025-01-20 09:49:00
JV02174,2025-01-19,소모품비,소모품비 01월 정산분,1432000.0,시스템,2025-01-20 09:06:00
JV02943,2025-01-20,지급수수료,지급수수료 01월 정산분,1113000.0,박과장,2025-01-21 09:51:00
JV00133,2025-01-20,복리후생비,복리후생비 01월 정산분,621000.0,김대리,2025-01-22 15:26:00
JV01091,2025-01-20,선급비용,선급비용 01월 정산분,213000.0,박과장,2025-01-23 12:44:00
JV01968,2025-01-20,매출원가,매출원가 01월 정산분,24000.0,최사원,2025-01-21 09:50:00
JV02285,2025-01-20,매출,매출 01월 정산분,378000.0,박과장,2025-01-23 16:21:00
JV01311,2025-01-20,지급수수료,지급수수료 01월 정산분,506000.0,최사원,2025-01-21 11:06:00
JV01514,2025-01-20,매출원가,매출원가 01월 정산분,992000.0,정부장,2025-01-21 12:03:00
JV02298,2025-01-20,외주가공비,외주가공비 01월 정산분,291000.0,이차장,2025-01-21 11:26:00
JV01878,2025-01-20,매출원가,매출원가 01월 정산분,2352000.0,김대리,2025-01-21 08:48:00
JV02656,2025-01-21,소모품비,소모품비 01월 정산분,9330000.0,박과장,2025-01-23 10:40:00
JV00009,2025-01-21,광고선전비,광고선전비 01월 정산분,391000.0,최사원,2025-01-22 11:45:00
JV00857,2025-01-21,광고선전비,광고선전비 01월 정산분,454000.0,김대리,2025-01-25 13:31:00
JV00585,2025-01-21,외주가공비,외주가공비 01월 정산분,9900000.0,이차장,2025-01-23 16:40:00
JV02979,2025-01-21,광고선전비,광고선전비 01월 정산분,3271000.0,김대리,2025-01-21 17:45:00
JV02256,2025-01-21,소모품비,소모품비 01월 정산분,79000.0,이차장,2025-01-22 11:45:00
JV01926,2025-01-21,매출,매출 01월 정산분,1072000.0,최사원,2025-01-23 17:07:00
JV00690,2025-01-21,소모품비,소모품비 01월 정산분,38000.0,시스템,2025-01-23 16:41:00
JV01920,2025-01-21,선급비용,선급비용 01월 정산분,1647000.0,박과장,2025-01-21 16:03:00
JV01026,2025-01-21,접대비,접대비 01월 정산분,634000.0,정부장,2025-01-23 10:32:00
JV00193,2025-01-21,지급수수료,지급수수료 01월 정산분,342000.0,김대리,2025-01-22 08:55:00
JV01237,2025-01-22,매출원가,매출원가 01월 정산분,139000.0,김대리,2025-01-25 15:39:00
JV00213,2025-01-22,여비교통비,여비교통비 01월 정산분,95000.0,이차장,2025-01-25 14:36:00
JV02424,2025-01-22,여비교통비,여비교통비 01월 정산분,145000.0,김대리,2025-01-26 14:17:00
JV02657,2025-01-22,지급수수료,지급수수료 01월 정산분,509000.0,박과장,2025-01-24 18:18:00
JV02367,2025-01-22,여비교통비,여비교통비 01월 정산분,703000.0,최사원,2025-01-22 17:02:00
JV02234,2025-01-22,소모품비,소모품비 01월 정산분,163000.0,김대리,2025-01-25 15:55:00
JV00106,2025-01-22,미지급비용,미지급비용 01월 정산분,2023000.0,이차장,2025-01-25 10:51:00
JV01547,2025-01-22,복리후생비,복리후생비 01월 정산분,62000.0,박과장,2025-01-22 15:19:00
JV00175,2025-01-23,외주가공비,외주가공비 01월 정산분,357000.0,최사원,2025-06-07 04:00:00
JV01644,2025-01-23,매출,매출 01월 정산분,1916000.0,김대리,2025-01-23 11:10:00
JV00699,2025-01-23,미지급비용,미지급비용 01월 정산분,73000.0,이차장,2025-01-23 17:18:00
JV00350,2025-01-23,지급수수료,지급수수료 01월 정산분,194000.0,박과장,2025-01-23 14:45:00
JV01034,2025-01-23,외주가공비,외주가공비 01월 정산분,1392000.0,최사원,2025-01-25 10:03:00
JV02467,2025-01-23,여비교통비,여비교통비 01월 정산분,953000.0,최사원,2025-01-27 11:21:00
JV02614,2025-01-23,매출원가,매출원가 01월 정산분,67000.0,박과장,2025-01-25 15:16:00
JV01987,2025-01-23,매출원가,매출원가 01월 정산분,333000.0,김대리,2025-01-25 10:17:00
JV00927,2025-01-23,잡비,잡비 01월 정산분,55000.0,김대리,2025-01-26 18:11:00
JV02691,2025-01-23,매출원가,매출원가 01월 정산분,679000.0,박과장,2025-01-25 08:29:00
JV02005,2025-01-24,매출원가,매출원가 01월 정산분,573000.0,최사원,2025-01-26 12:40:00
JV00846,2025-01-24,복리후생비,복리후생비 01월 정산분,3599000.0,박과장,2025-01-24 10:34:00
JV02329,2025-01-24,잡비,잡비 01월 정산분,95000.0,이차장,2025-01-26 12:05:00
JV01328,2025-01-24,매출원가,매출원가 01월 정산분,327000.0,박과장,2025-01-24 12:58:00
JV00676,2025-01-25,선급비용,선급비용 01월 정산분,230000.0,정부장,2025-01-28 15:03:00
JV01818,2025-01-25,광고선전비,광고선전비 01월 정산분,142000.0,이차장,2025-01-29 16:33:00
JV01983,2025-01-25,미지급비용,미지급비용 01월 정산분,561000.0,김대리,2025-01-28 14:42:00
JV01590,2025-01-25,광고선전비,광고선전비 01월 정산분,136000.0,이차장,2025-01-28 15:51:00
JV01064,2025-01-25,지급수수료,지급수수료 01월 정산분,87000.0,김대리,2025-01-29 14:51:00
JV01354,2025-01-25,지급수수료,지급수수료 01월 정산분,189000.0,김대리,2025-01-25 10:54:00
JV00768,2025-01-25,광고선전비,광고선전비 01월 정산분,224000.0,시스템,2025-01-29 16:37:00
JV02346,2025-01-25,매출원가,매출원가 01월 정산분,2626000.0,김대리,2025-01-25 16:21:00
JV02197,2025-01-26,광고선전비,광고선전비 01월 정산분,6135000.0,최사원,2025-01-26 11:52:00
JV01978,2025-01-26,매출원가,매출원가 01월 정산분,162000.0,박과장,2025-06-14 05:00:00
JV01744,2025-01-26,매출원가,매출원가 01월 정산분,4300000.0,김대리,2025-01-30 13:19:00
JV02962,2025-01-26,외주가공비,외주가공비 01월 정산분,426000.0,이차장,2025-01-29 18:59:00
JV90005,2025-01-26,소모품비,소모품비 01월 정산분,1168000.0,김대리,2025-01-28 13:51:00
JV01613,2025-01-26,선급비용,선급비용 01월 정산분,2937000.0,김대리,2025-01-27 11:22:00
JV00557,2025-01-26,접대비,접대비 01월 정산분,497000.0,김대리,2025-01-30 11:00:00
JV00294,2025-01-26,매출원가,매출원가 01월 정산분,1368000.0,최사원,2025-01-29 14:34:00
JV01468,2025-01-26,소모품비,소모품비 01월 정산분,2719000.0,정부장,2025-01-28 10:47:00
JV01099,2025-01-26,소모품비,소모품비 01월 정산분,1168000.0,김대리,2025-01-28 13:51:00
JV00877,2025-01-26,외주가공비,외주가공비 01월 정산분,89000.0,박과장,2025-01-29 13:47:00
JV01391,2025-01-26,접대비,접대비 01월 정산분,6052000.0,최사원,2025-01-27 10:21:00
JV01407,2025-01-27,지급수수료,지급수수료 01월 정산분,1130000.0,이차장,2025-01-27 13:23:00
JV01097,2025-01-27,광고선전비,광고선전비 01월 정산분,7390000.0,김대리,2025-01-30 09:06:00
JV02698,2025-01-27,매출원가,매출원가 01월 정산분,15697000.0,박과장,2025-01-31 17:46:00
JV00992,2025-01-27,외주가공비,외주가공비 01월 정산분,9800000.0,이차장,2025-01-29 11:23:00
JV01370,2025-01-27,소모품비,소모품비 01월 정산분,971000.0,김대리,2025-01-27 10:29:00
JV00923,2025-01-27,여비교통비,여비교통비 01월 정산분,2569000.0,정부장,2025-01-28 13:46:00
JV02170,2025-01-27,지급수수료,지급수수료 01월 정산분,229000.0,정부장,2025-01-28 12:18:00
JV01055,2025-01-28,소모품비,소모품비 01월 정산분,271000.0,김대리,2025-01-30 14:08:00
JV00999,2025-01-28,매출원가,매출원가 01월 정산분,75000.0,김대리,2025-02-01 16:55:00
JV00880,2025-01-28,잡비,잡비 01월 정산분,460000.0,김대리,2025-01-28 18:05:00
JV01344,2025-01-28,매출,매출 01월 정산분,537000.0,박과장,2025-01-31 18:15:00
JV02994,2025-01-28,지급수수료,지급수수료 01월 정산분,769000.0,박과장,2025-01-28 08:52:00
JV02399,2025-01-28,미지급비용,미지급비용 01월 정산분,378000.0,시스템,2025-02-01 14:16:00
JV01738,2025-01-28,매출,매출 01월 정산분,1202000.0,최사원,2025-01-31 17:42:00
JV02526,2025-01-28,미지급비용,미지급비용 01월 정산분,3164000.0,박과장,2025-01-29 10:56:00
JV01339,2025-01-29,매출,매출 01월 정산분,6876000.0,이차장,2025-01-29 13:33:00
JV01320,2025-01-29,미지급비용,미지급비용 01월 정산분,1360000.0,정부장,2025-01-29 10:19:00
JV00207,2025-01-29,매출원가,매출원가 01월 정산분,6485000.0,박과장,2025-01-29 16:36:00
JV01235,2025-01-29,광고선전비,광고선전비 01월 정산분,316000.0,최사원,2025-01-29 08:21:00
JV01208,2025-01-29,소모품비,소모품비 01월 정산분,1952000.0,이차장,2025-01-30 09:09:00
JV02105,2025-01-29,여비교통비,여비교통비 01월 정산분,1807000.0,최사원,2025-02-02 10:27:00
JV00522,2025-01-29,소모품비,소모품비 01월 정산분,960000.0,박과장,2025-01-31 15:08:00
JV01390,2025-01-30,선급비용,선급비용 01월 정산분,670000.0,이차장,2025-01-30 08:34:00
JV00514,2025-01-30,광고선전비,광고선전비 01월 정산분,664000.0,김대리,2025-02-01 14:29:00
JV00532,2025-01-30,매출원가,매출원가 01월 정산분,1102000.0,박과장,2025-01-30 11:00:00
JV01700,2025-01-30,지급수수료,지급수수료 01월 정산분,12722000.0,이차장,2025-02-02 13:09:00
JV00793,2025-01-30,외주가공비,외주가공비 01월 정산분,60000.0,박과장,2025-06-07 04:00:00
JV02398,2025-01-31,외주가공비,외주가공비 01월 정산분,1647000.0,최사원,2025-02-03 10:16:00
JV02626,2025-01-31,외주가공비,외주가공비 01월 정산분,1250000.0,최사원,2025-02-01 18:24:00
JV01266,2025-01-31,복리후생비,복리후생비 01월 정산분,396000.0,박과장,2025-02-03 15:49:00
JV00463,2025-01-31,잡비,잡비 01월 정산분,393000.0,최사원,2025-02-02 14:52:00
JV02402,2025-01-31,외주가공비,외주가공비 01월 정산분,5485000.0,김대리,2025-02-01 14:44:00
JV00864,2025-01-31,소모품비,소모품비 01월 정산분,205000.0,박과장,2025-02-01 09:12:00
JV02214,2025-01-31,미지급비용,미지급비용 01월 정산분,2060000.0,박과장,2025-02-04 10:08:00
JV02086,2025-02-01,지급수수료,지급수수료 02월 정산분,260000.0,최사원,2025-02-01 16:50:00
JV00249,2025-02-01,미지급비용,미지급비용 02월 정산분,428000.0,박과장,2025-02-02 17:47:00
JV01790,2025-02-01,접대비,접대비 02월 정산분,207000.0,정부장,2025-02-04 10:09:00
JV01633,2025-02-01,광고선전비,광고선전비 02월 정산분,757000.0,김대리,2025-02-03 11:00:00
JV02809,2025-02-01,복리후생비,복리후생비 02월 정산분,456000.0,이차장,2025-06-28 01:00:00
JV02290,2025-02-01,지급수수료,지급수수료 02월 정산분,1056000.0,정부장,2025-02-04 17:53:00
JV02382,2025-02-01,외주가공비,외주가공비 02월 정산분,145000.0,이차장,2025-02-03 17:49:00
JV02342,2025-02-01,지급수수료,지급수수료 02월 정산분,3370000.0,최사원,2025-02-03 08:45:00
JV02864,2025-02-01,복리후생비,복리후생비 02월 정산분,5214000.0,이차장,2025-02-04 10:04:00
JV00935,2025-02-02,소모품비,소모품비 02월 정산분,346000.0,최사원,2025-02-03 14:54:00
JV02646,2025-02-02,접대비,접대비 02월 정산분,191000.0,최사원,2025-02-04 14:22:00
JV00347,2025-02-02,선급비용,선급비용 02월 정산분,778000.0,최사원,2025-02-04 16:09:00
JV02253,2025-02-02,선급비용,선급비용 02월 정산분,2919000.0,이차장,2025-02-02 18:20:00
JV00393,2025-02-02,지급수수료,지급수수료 02월 정산분,8918000.0,박과장,2025-02-06 11:19:00
JV00269,2025-02-02,선급비용,선급비용 02월 정산분,261000.0,박과장,2025-06-21 05:00:00
JV02800,2025-02-02,매출,매출 02월 정산분,1399000.0,김대리,2025-02-04 12:21:00
JV00597,2025-02-02,매출원가,매출원가 02월 정산분,218000.0,김대리,2025-02-03 12:31:00
JV00147,2025-02-03,매출,매출 02월 정산분,22000.0,최사원,2025-02-07 14:54:00
JV01231,2025-02-03,소모품비,소모품비 02월 정산분,40000.0,최사원,2025-02-07 14:23:00
JV00810,2025-02-03,지급수수료,지급수수료 02월 정산분,655000.0,김대리,2025-02-03 15:54:00
JV01578,2025-02-03,매출,매출 02월 정산분,3445000.0,이차장,2025-02-06 15:20:00
JV01205,2025-02-03,외주가공비,외주가공비 02월 정산분,2223000.0,이차장,2025-02-04 12:53:00
JV02858,2025-02-03,매출,매출 02월 정산분,671000.0,시스템,2025-02-03 11:07:00
JV02617,2025-02-03,매출원가,매출원가 02월 정산분,1617000.0,이차장,2025-02-06 18:28:00
JV00094,2025-02-03,광고선전비,광고선전비 02월 정산분,169000.0,최사원,2025-02-06 08:09:00
JV00654,2025-02-03,매출,매출 02월 정산분,830000.0,박과장,2025-02-04 10:34:00
JV02484,2025-02-03,매출원가,매출원가 02월 정산분,5854000.0,김대리,2025-02-07 13:27:00
JV02068,2025-02-04,광고선전비,광고선전비 02월 정산분,115000.0,박과장,2025-02-04 15:45:00
JV02291,2025-02-04,외주가공비,외주가공비 02월 정산분,934000.0,박과장,2025-02-06 08:02:00
JV01766,2025-02-04,매출원가,매출원가 02월 정산분,2894000.0,정부장,2025-02-06 16:59:00
JV02557,2025-02-04,여비교통비,여비교통비 02월 정산분,4646000.0,최사원,2025-02-06 18:52:00
JV02257,2025-02-04,복리후생비,복리후생비 02월 정산분,3418000.0,이차장,2025-02-05 14:48:00
JV02165,2025-02-04,매출,매출 02월 정산분,2104000.0,최사원,2025-02-04 11:21:00
JV02244,2025-02-05,여비교통비,여비교통비 02월 정산분,6592000.0,김대리,2025-02-06 08:00:00
JV00067,2025-02-05,광고선전비,광고선전비 02월 정산분,1164000.0,이차장,2025-02-09 11:04:00
JV01984,2025-02-05,매출,매출 02월 정산분,570000.0,박과장,2025-02-08 17:49:00
JV00452,2025-02-05,잡비,잡비 02월 정산분,641000.0,최사원,2025-02-08 08:37:00
JV02749,2025-02-05,매출,매출 02월 정산분,804000.0,박과장,2025-02-09 09:17:00
JV01870,2025-02-05,미지급비용,미지급비용 02월 정산분,693000.0,김대리,2025-02-09 11:50:00
JV00554,2025-02-05,외주가공비,외주가공비 02월 정산분,1030000.0,최사원,2025-02-08 18:48:00
JV00136,2025-02-05,외주가공비,외주가공비 02월 정산분,1750000.0,최사원,2025-02-08 16:36:00
JV00293,2025-02-05,미지급비용,미지급비용 02월 정산분,9839000.0,박과장,2025-02-05 11:14:00
JV01780,2025-02-06,지급수수료,지급수수료 02월 정산분,254000.0,정부장,2025-02-06 16:49:00
JV00817,2025-02-06,소모품비,소모품비 02월 정산분,1741000.0,정부장,2025-02-07 13:28:00
JV01448,2025-02-06,매출원가,매출원가 02월 정산분,246000.0,이차장,2025-02-10 16:59:00
JV00913,2025-02-06,외주가공비,외주가공비 02월 정산분,2378000.0,최사원,2025-02-09 15:40:00
JV00490,2025-02-06,지급수수료,지급수수료 02월 정산분,4105000.0,이차장,2025-02-09 17:16:00
JV01800,2025-02-06,미지급비용,미지급비용 02월 정산분,4279000.0,김대리,2025-02-08 10:32:00
JV02440,2025-02-06,매출원가,매출원가 02월 정산분,1535000.0,김대리,2025-02-10 12:07:00
JV02337,2025-02-06,매출,매출 02월 정산분,806000.0,김대리,2025-02-08 13:20:00
JV00775,2025-02-06,광고선전비,광고선전비 02월 정산분,1086000.0,김대리,2025-02-08 16:14:00
JV02968,2025-02-07,매출원가,매출원가 02월 정산분,264000.0,김대리,2025-02-09 11:06:00
JV01576,2025-02-07,지급수수료,지급수수료 02월 정산분,539000.0,최사원,2025-02-08 17:12:00
JV02813,2025-02-07,지급수수료,지급수수료 02월 정산분,610000.0,김대리,2025-02-08 18:30:00
JV02908,2025-02-07,매출,매출 02월 정산분,3182000.0,김대리,2025-02-11 18:39:00
JV01161,2025-02-07,매출원가,매출원가 02월 정산분,945000.0,박과장,2025-02-11 15:03:00
JV00623,2025-02-07,매출원가,매출원가 02월 정산분,221000.0,최사원,2025-02-09 18:42:00
JV02163,2025-02-07,지급수수료,지급수수료 02월 정산분,1089000.0,김대리,2025-02-10 08:46:00
JV02936,2025-02-07,외주가공비,외주가공비 02월 정산분,1301000.0,이차장,2025-02-11 13:45:00
JV02906,2025-02-08,소모품비,소모품비 02월 정산분,500000.0,김대리,2025-02-12 12:38:00
JV00257,2025-02-08,매출,매출 02월 정산분,1745000.0,김대리,2025-02-09 14:18:00
JV01672,2025-02-08,매출원가,매출원가 02월 정산분,1105000.0,이차장,2025-02-10 17:25:00
JV02957,2025-02-08,외주가공비,외주가공비 02월 정산분,42000.0,김대리,2025-02-11 15:13:00
JV02323,2025-02-08,매출,매출 02월 정산분,1127000.0,박과장,2025-02-12 10:35:00
JV02719,2025-02-08,소모품비,소모품비 02월 정산분,139000.0,박과장,2025-02-09 10:03:00
JV02706,2025-02-08,여비교통비,여비교통비 02월 정산분,4042000.0,최사원,2025-02-10 16:28:00
JV02094,2025-02-09,외주가공비,외주가공비 02월 정산분,542000.0,이차장,2025-02-11 12:36:00
JV00105,2025-02-09,지급수수료,지급수수료 02월 정산분,316000.0,이차장,2025-02-10 12:00:00
JV00203,2025-02-09,지급수수료,지급수수료 02월 정산분,189000.0,김대리,2025-02-13 13:01:00
JV00897,2025-02-09,접대비,접대비 02월 정산분,909000.0,정부장,2025-02-09 10:19:00
JV00657,2025-02-09,외주가공비,외주가공비 02월 정산분,1862000.0,박과장,2025-02-12 16:02:00
JV01442,2025-02-09,잡비,잡비 02월 정산분,88000.0,최사원,2025-02-12 17:43:00
JV01775,2025-02-09,매출원가,매출원가 02월 정산분,1741000.0,최사원,2025-02-13 08:13:00
JV00389,2025-02-09,외주가공비,외주가공비 02월 정산분,936000.0,정부장,2025-02-12 12:34:00
JV02987,2025-02-09,지급수수료,지급수수료 02월 정산분,26000.0,김대리,2025-02-13 14:42:00
JV02597,2025-02-09,지급수수료,지급수수료 02월 정산분,22096000.0,이차장,2025-02-10 18:26:00
JV02307,2025-02-09,매출,매출 02월 정산분,11000.0,김대리,2025-06-14 02:00:00
JV00959,2025-02-10,매출원가,매출원가 02월 정산분,847000.0,최사원,2025-02-10 15:43:00
JV00681,2025-02-10,매출,매출 02월 정산분,1329000.0,이차장,2025-02-11 13:41:00
JV02231,2025-02-10,미지급비용,미지급비용 02월 정산분,190000.0,이차장,2025-02-14 17:59:00
JV02679,2025-02-10,여비교통비,여비교통비 02월 정산분,3024000.0,이차장,2025-02-14 12:04:00
JV02783,2025-02-10,지급수수료,지급수수료 02월 정산분,885000.0,김대리,2025-02-11 09:38:00
JV02639,2025-02-10,매출원가,매출원가 02월 정산분,2228000.0,김대리,2025-02-14 11:48:00
JV02491,2025-02-10,외주가공비,외주가공비 02월 정산분,33000.0,김대리,2025-02-11 14:47:00
JV00047,2025-02-11,소모품비,소모품비 02월 정산분,1234000.0,정부장,2025-02-12 14:32:00
JV01166,2025-02-11,지급수수료,지급수수료 02월 정산분,2211000.0,김대리,2025-02-12 12:10:00
JV02116,2025-02-11,복리후생비,복리후생비 02월 정산분,395000.0,김대리,2025-02-13 15:57:00
JV00391,2025-02-11,접대비,접대비 02월 정산분,2915000.0,최사원,2025-02-11 18:10:00
JV00426,2025-02-11,지급수수료,지급수수료 02월 정산분,2232000.0,최사원,2025-02-12 08:27:00
JV00744,2025-02-11,선급비용,선급비용 02월 정산분,1169000.0,정부장,2025-02-12 11:16:00
JV00360,2025-02-11,선급비용,선급비용 02월 정산분,1547000.0,정부장,2025-02-15 12:43:00
JV00328,2025-02-11,접대비,접대비 02월 정산분,2040000.0,박과장,2025-02-11 13:22:00
JV02037,2025-02-11,잡비,잡비 02월 정산분,390000.0,김대리,2025-02-14 12:41:00
JV02641,2025-02-11,여비교통비,여비교통비 02월 정산분,1114000.0,최사원,2025-02-11 14:40:00
JV01881,2025-02-11,지급수수료,지급수수료 02월 정산분,1179000.0,박과장,2025-02-12 10:58:00
JV02019,2025-02-11,소모품비,소모품비 02월 정산분,167000.0,김대리,2025-02-14 14:12:00
JV02535,2025-02-12,지급수수료,지급수수료 02월 정산분,324000.0,박과장,2025-02-12 14:41:00
JV01488,2025-02-12,광고선전비,광고선전비 02월 정산분,72000.0,박과장,2025-02-15 17:57:00
JV02695,2025-02-12,매출,매출 02월 정산분,325000.0,정부장,2025-02-15 16:17:00
JV02175,2025-02-12,복리후생비,복리후생비 02월 정산분,1708000.0,최사원,2025-02-14 10:29:00
JV00658,2025-02-12,매출,매출 02월 정산분,10000.0,박과장,2025-02-15 15:59:00
JV01256,2025-02-12,외주가공비,외주가공비 02월 정산분,1167000.0,이차장,2025-02-13 09:01:00
JV01869,2025-02-12,선급비용,선급비용 02월 정산분,8323000.0,이차장,2025-02-12 15:24:00
JV01795,2025-02-12,광고선전비,광고선전비 02월 정산분,588000.0,박과장,2025-02-16 08:26:00
JV00019,2025-02-13,지급수수료,지급수수료 02월 정산분,35425000.0,김대리,2025-02-13 12:37:00
JV02720,2025-02-13,외주가공비,외주가공비 02월 정산분,2557000.0,최사원,2025-02-15 16:46:00
JV02216,2025-02-13,소모품비,소모품비 02월 정산분,1540000.0,최사원,2025-02-16 17:52:00
JV01903,2025-02-13,여비교통비,여비교통비 02월 정산분,368000.0,최사원,2025-02-13 17:40:00
JV00875,2025-02-13,복리후생비,복리후생비 02월 정산분,511000.0,이차장,2025-02-17 18:56:00
JV02200,2025-02-13,잡비,잡비 02월 정산분,1401000.0,김대리,2025-02-13 10:04:00
JV02573,2025-02-14,선급비용,선급비용 02월 정산분,1379000.0,김대리,2025-02-14 17:34:00
JV02504,2025-02-14,접대비,접대비 02월 정산분,81000.0,최사원,2025-02-15 09:37:00
JV00710,2025-02-14,여비교통비,여비교통비 02월 정산분,443000.0,최사원,2025-02-18 16:13:00
JV01297,2025-02-14,여비교통비,여비교통비 02월 정산분,143000.0,박과장,2025-02-17 08:13:00
JV01815,2025-02-14,외주가공비,외주가공비 02월 정산분,80000.0,김대리,2025-02-18 16:18:00
JV00200,2025-02-14,여비교통비,여비교통비 02월 정산분,821000.0,박과장,2025-02-18 17:57:00
JV02714,2025-02-14,여비교통비,여비교통비 02월 정산분,1195000.0,박과장,2025-02-18 10:19:00
JV00652,2025-02-15,매출,매출 02월 정산분,63000.0,박과장,2025-02-15 09:38:00
JV00339,2025-02-15,잡비,잡비 02월 정산분,333000.0,최사원,2025-02-19 16:41:00
JV02360,2025-02-15,복리후생비,복리후생비 02월 정산분,1515000.0,김대리,2025-02-16 09:54:00
JV01346,2025-02-15,매출,매출 02월 정산분,530000.0,박과장,2025-02-18 12:37:00
JV02016,2025-02-15,복리후생비,복리후생비 02월 정산분,198000.0,이차장,2025-06-07 04:00:00
JV01639,2025-02-15,접대비,접대비 02월 정산분,3442000.0,최사원,2025-02-19 16:46:00
JV02395,2025-02-15,잡비,잡비 02월 정산분,78000.0,정부장,2025-02-18 16:53:00
JV01890,2025-02-15,여비교통비,여비교통비 02월 정산분,1288000.0,정부장,2025-02-16 16:56:00
JV00704,2025-02-15,여비교통비,여비교통비 02월 정산분,203000.0,시스템,2025-02-15 11:34:00
JV00582,2025-02-15,매출,매출 02월 정산분,2201000.0,최사원,2025-02-17 17:57:00
JV02466,2025-02-16,여비교통비,여비교통비 02월 정산분,721000.0,김대리,2025-02-19 14:53:00
JV02018,2025-02-16,외주가공비,외주가공비 02월 정산분,29000.0,정부장,2025-02-20 11:27:00
JV00429,2025-02-16,미지급비용,미지급비용 02월 정산분,580000.0,최사원,2025-02-17 12:58:00
JV02710,2025-02-16,선급비용,선급비용 02월 정산분,3459000.0,시스템,2025-02-20 14:06:00
JV02330,2025-02-16,매출,매출 02월 정산분,8170000.0,김대리,2025-02-18 14:24:00
JV02354,2025-02-16,잡비,잡비 02월 정산분,100000.0,박과장,2025-02-19 09:58:00
JV01776,2025-02-16,여비교통비,여비교통비 02월 정산분,529000.0,최사원,2025-02-16 18:58:00
JV00643,2025-02-16,매출,매출 02월 정산분,574000.0,최사원,2025-02-17 17:32:00
JV00530,2025-02-17,외주가공비,외주가공비 02월 정산분,180000.0,김대리,2025-02-21 16:34:00
JV01518,2025-02-17,지급수수료,지급수수료 02월 정산분,1626000.0,최사원,2025-02-19 12:41:00
JV01820,2025-02-17,광고선전비,광고선전비 02월 정산분,4918000.0,김대리,2025-02-21 18:18:00
JV00526,2025-02-17,미지급비용,미지급비용 02월 정산분,29000.0,이차장,2025-02-21 17:35:00
JV00991,2025-02-17,복리후생비,복리후생비 02월 정산분,1279000.0,박과장,2025-02-17 10:35:00
JV01572,2025-02-17,지급수수료,지급수수료 02월 정산분,534000.0,박과장,2025-02-18 16:14:00
JV00589,2025-02-17,광고선전비,광고선전비 02월 정산분,450000.0,최사원,2025-02-18 15:54:00
JV00017,2025-02-17,외주가공비,외주가공비 02월 정산분,568000.0,이차장,2025-02-19 16:28:00
JV00438,2025-02-17,접대비,접대비 02월 정산분,610000.0,박과장,2025-02-21 11:31:00
JV00845,2025-02-17,미지급비용,미지급비용 02월 정산분,952000.0,김대리,2025-02-21 15:18:00
JV01252,2025-02-17,여비교통비,여비교통비 02월 정산분,98000.0,김대리,2025-02-20 12:17:00
JV01125,2025-02-18,잡비,잡비 02월 정산분,360000.0,최사원,2025-02-20 10:30:00
JV02746,2025-02-18,외주가공비,외주가공비 02월 정산분,3150000.0,박과장,2025-02-22 09:04:00
JV00494,2025-02-18,여비교통비,여비교통비 02월 정산분,5544000.0,김대리,2025-02-22 08:51:00
JV00528,2025-02-18,접대비,접대비 02월 정산분,781000.0,김대리,2025-02-19 08:30:00
JV01566,2025-02-18,지급수수료,지급수수료 02월 정산분,838000.0,이차장,2025-02-22 11:12:00
JV00150,2025-02-18,지급수수료,지급수수료 02월 정산분,124000.0,박과장,2025-02-20 12:01:00
JV02801,2025-02-18,여비교통비,여비교통비 02월 정산분,517000.0,최사원,2025-02-18 14:23:00
JV01210,2025-02-18,매출원가,매출원가 02월 정산분,252000.0,김대리,2025-02-18 17:57:00
JV01106,2025-02-19,광고선전비,광고선전비 02월 정산분,356000.0,최사원,2025-02-22 15:17:00
JV02647,2025-02-19,미지급비용,미지급비용 02월 정산분,795000.0,박과장,2025-02-20 18:13:00
JV01424,2025-02-19,복리후생비,복리후생비 02월 정산분,233000.0,시스템,2025-02-23 15:07:00
JV02070,2025-02-19,잡비,잡비 02월 정산분,768000.0,김대리,2025-02-23 10:47:00
JV02030,2025-02-19,미지급비용,미지급비용 02월 정산분,150000.0,이차장,2025-02-22 10:27:00
JV01991,2025-02-19,지급수수료,지급수수료 02월 정산분,532000.0,김대리,2025-02-21 11:04:00
JV00236,2025-02-19,지급수수료,지급수수료 02월 정산분,204000.0,김대리,2025-02-19 18:41:00
JV01074,2025-02-19,지급수수료,지급수수료 02월 정산분,160000.0,김대리,2025-02-22 13:32:00
JV00742,2025-02-19,소모품비,소모품비 02월 정산분,11946000.0,최사원,2025-02-22 14:20:00
JV02444,2025-02-19,미지급비용,미지급비용 02월 정산분,154000.0,정부장,2025-02-23 12:51:00
JV00309,2025-02-19,외주가공비,외주가공비 02월 정산분,63000.0,김대리,2025-02-20 10:29:00
JV01108,2025-02-20,여비교통비,여비교통비 02월 정산분,7000.0,이차장,2025-02-21 14:32:00
JV00638,2025-02-20,광고선전비,광고선전비 02월 정산분,167000.0,이차장,2025-02-24 10:26:00
JV02855,2025-02-20,선급비용,선급비용 02월 정산분,920000.0,박과장,2025-02-23 18:07:00
JV00267,2025-02-20,소모품비,소모품비 02월 정산분,2216000.0,시스템,2025-02-20 15:10:00
JV02894,2025-02-20,소모품비,소모품비 02월 정산분,115000.0,이차장,2025-02-22 08:24:00
JV02590,2025-02-20,매출원가,매출원가 02월 정산분,350000.0,김대리,2025-02-24 14:29:00
JV01510,2025-02-20,매출원가,매출원가 02월 정산분,383000.0,김대리,2025-02-22 15:36:00
JV00469,2025-02-20,매출,매출 02월 정산분,370000.0,정부장,2025-02-22 08:26:00
JV01552,2025-02-20,미지급비용,미지급비용 02월 정산분,317000.0,최사원,2025-02-24 09:02:00
JV02102,2025-02-20,지급수수료,지급수수료 02월 정산분,651000.0,김대리,2025-02-22 16:01:00
JV01819,2025-02-21,접대비,접대비 02월 정산분,3996000.0,최사원,2025-02-25 12:55:00
JV01480,2025-02-21,지급수수료,지급수수료 02월 정산분,108000.0,정부장,2025-02-21 11:22:00
JV02734,2025-02-21,미지급비용,미지급비용 02월 정산분,508000.0,이차장,2025-02-25 16:15:00
JV01100,2025-02-21,지급수수료,지급수수료 02월 정산분,2484000.0,김대리,2025-02-22 16:09:00
JV01642,2025-02-21,외주가공비,외주가공비 02월 정산분,83000.0,시스템,2025-02-23 08:45:00
JV00051,2025-02-21,광고선전비,광고선전비 02월 정산분,530000.0,최사원,2025-02-24 14:58:00
JV02024,2025-02-21,지급수수료,지급수수료 02월 정산분,1127000.0,이차장,2025-02-22 16:58:00
JV02913,2025-02-21,지급수수료,지급수수료 02월 정산분,3235000.0,최사원,2025-02-23 17:57:00
JV01165,2025-02-22,잡비,잡비 02월 정산분,178000.0,박과장,2025-02-22 13:51:00
JV01236,2025-02-22,여비교통비,여비교통비 02월 정산분,2747000.0,정부장,2025-02-22 13:40:00
JV01035,2025-02-22,매출원가,매출원가 02월 정산분,63000.0,최사원,2025-02-25 11:54:00
JV01295,2025-02-22,복리후생비,복리후생비 02월 정산분,1394000.0,김대리,2025-02-25 11:28:00
JV00160,2025-02-23,외주가공비,외주가공비 02월 정산분,1083000.0,정부장,2025-02-26 14:23:00
JV00613,2025-02-23,지급수수료,지급수수료 02월 정산분,8837000.0,최사원,2025-02-25 09:35:00
JV02222,2025-02-23,소모품비,소모품비 02월 정산분,113000.0,이차장,2025-02-25 17:51:00
JV01137,2025-02-23,매출원가,매출원가 02월 정산분,251000.0,박과장,2025-02-25 09:49:00
JV01560,2025-02-23,접대비,접대비 02월 정산분,1962000.0,최사원,2025-02-25 13:24:00
JV00675,2025-02-23,소모품비,소모품비 02월 정산분,161000.0,김대리,2025-02-26 17:41:00
JV02922,2025-02-23,복리후생비,복리후생비 02월 정산분,528000.0,김대리,2025-02-26 14:08:00
JV01441,2025-02-23,매출원가,매출원가 02월 정산분,844000.0,이차장,2025-02-24 09:39:00
JV02564,2025-02-24,소모품비,소모품비 02월 정산분,919000.0,최사원,2025-02-25 09:00:00
JV00112,2025-02-24,매출원가,매출원가 02월 정산분,89000.0,박과장,2025-02-25 18:49:00
JV00644,2025-02-24,여비교통비,여비교통비 02월 정산분,209000.0,박과장,2025-02-28 15:00:00
JV02403,2025-02-24,복리후생비,복리후생비 02월 정산분,2086000.0,이차장,2025-02-27 14:07:00
JV01737,2025-02-24,광고선전비,광고선전비 02월 정산분,1682000.0,김대리,2025-02-28 09:33:00
JV01643,2025-02-25,여비교통비,여비교통비 02월 정산분,4998000.0,시스템,2025-02-27 17:18:00
JV01892,2025-02-25,미지급비용,미지급비용 02월 정산분,3017000.0,김대리,2025-02-25 16:08:00
JV01263,2025-02-25,소모품비,소모품비 02월 정산분,52000.0,김대리,2025-02-26 16:47:00
JV02989,2025-02-25,복리후생비,복리후생비 02월 정산분,186000.0,박과장,2025-03-01 16:47:00
JV01388,2025-02-25,접대비,접대비 02월 정산분,8658000.0,정부장,2025-02-27 16:20:00
JV00226,2025-02-25,지급수수료,지급수수료 02월 정산분,648000.0,최사원,2025-02-26 13:45:00
JV00128,2025-02-25,외주가공비,외주가공비 02월 정산분,506000.0,최사원,2025-02-26 14:06:00
JV00425,2025-02-25,매출원가,매출원가 02월 정산분,302000.0,김대리,2025-03-01 18:14:00
JV02883,2025-02-26,복리후생비,복리후생비 02월 정산분,570000.0,김대리,2025-03-01 13:11:00
JV01696,2025-02-26,지급수수료,지급수수료 02월 정산분,150000.0,김대리,2025-02-28 11:22:00
JV00806,2025-02-26,매출원가,매출원가 02월 정산분,134000.0,정부장,2025-03-01 10:27:00
JV02353,2025-02-26,매출,매출 02월 정산분,202000.0,정부장,2025-02-26 15:43:00
JV00080,2025-02-26,지급수수료,지급수수료 02월 정산분,96000.0,김대리,2025-03-02 13:16:00
JV01782,2025-02-26,매출원가,매출원가 02월 정산분,3098000.0,김대리,2025-02-26 10:50:00
JV00901,2025-02-26,외주가공비,외주가공비 02월 정산분,332000.0,최사원,2025-02-28 16:34:00
JV00679,2025-02-26,매출,매출 02월 정산분,3687000.0,이차장,2025-02-27 18:00:00
JV02838,2025-02-26,복리후생비,복리후생비 02월 정산분,331000.0,김대리,2025-03-01 15:54:00
JV01604,2025-02-27,여비교통비,여비교통비 02월 정산분,2248000.0,정부장,2025-03-02 12:22:00
JV01675,2025-02-27,지급수수료,지급수수료 02월 정산분,2926000.0,이차장,2025-02-27 09:43:00
JV01471,2025-02-27,광고선전비,광고선전비 02월 정산분,5132000.0,최사원,2025-03-01 13:47:00
JV00929,2025-02-27,잡비,잡비 02월 정산분,305000.0,이차장,2025-03-01 18:16:00
JV00275,2025-02-27,미지급비용,미지급비용 02월 정산분,3936000.0,김대리,2025-03-03 15:23:00
JV02082,2025-02-28,광고선전비,광고선전비 02월 정산분,1931000.0,박과장,2025-03-04 17:35:00
JV00044,2025-02-28,매출,매출 02월 정산분,2080000.0,이차장,2025-02-28 11:02:00
JV00470,2025-02-28,여비교통비,여비교통비 02월 정산분,215000.0,박과장,2025-03-02 18:59:00
JV01073,2025-02-28,매출,매출 02월 정산분,930000.0,최사원,2025-03-01 10:28:00
JV01144,2025-02-28,여비교통비,여비교통비 02월 정산분,778000.0,박과장,2025-02-28 14:12:00
JV01573,2025-02-28,미지급비용,미지급비용 02월 정산분,533000.0,최사원,2025-03-01 10:52:00
JV01007,2025-02-28,외주가공비,외주가공비 02월 정산분,693000.0,박과장,2025-03-03 10:15:00
JV02926,2025-02-28,외주가공비,외주가공비 02월 정산분,9950000.0,이차장,2025-02-28 13:02:00
JV02374,2025-02-28,미지급비용,미지급비용 02월 정산분,715000.0,김대리,2025-02-28 13:51:00
JV01500,2025-03-01,접대비,접대비 03월 정산분,3210000.0,정부장,2025-03-02 10:05:00
JV01128,2025-03-01,외주가공비,외주가공비 03월 정산분,9377000.0,박과장,2025-03-04 17:40:00
JV00477,2025-03-01,선급비용,선급비용 03월 정산분,158000.0,최사원,2025-03-01 10:39:00
JV02631,2025-03-01,지급수수료,지급수수료 03월 정산분,247000.0,박과장,2025-03-05 11:03:00
JV00483,2025-03-01,소모품비,소모품비 03월 정산분,1150000.0,최사원,2025-03-02 16:55:00
JV01127,2025-03-01,광고선전비,광고선전비 03월 정산분,125000.0,김대리,2025-03-03 18:00:00
JV00297,2025-03-01,매출,매출 03월 정산분,5196000.0,최사원,2025-03-04 17:19:00
JV00521,2025-03-02,외주가공비,외주가공비 03월 정산분,97000.0,이차장,2025-03-02 13:58:00
JV01053,2025-03-02,지급수수료,지급수수료 03월 정산분,3464000.0,최사원,2025-03-05 17:44:00
JV00719,2025-03-02,접대비,접대비 03월 정산분,1961000.0,김대리,2025-03-06 10:16:00
JV01120,2025-03-02,지급수수료,지급수수료 03월 정산분,89000.0,김대리,2025-03-03 08:32:00
JV00796,2025-03-02,복리후생비,복리후생비 03월 정산분,12533000.0,김대리,2025-03-05 08:54:00
JV02317,2025-03-02,외주가공비,외주가공비 03월 정산분,217000.0,이차장,2025-03-06 08:12:00
JV01508,2025-03-02,매출원가,매출원가 03월 정산분,79000.0,박과장,2025-03-06 15:26:00
JV01418,2025-03-02,복리후생비,복리후생비 03월 정산분,217000.0,김대리,2025-03-04 15:24:00
JV00390,2025-03-02,광고선전비,광고선전비 03월 정산분,926000.0,이차장,2025-03-02 15:12:00
JV01997,2025-03-03,미지급비용,미지급비용 03월 정산분,3374000.0,김대리,2025-03-07 08:36:00
JV02387,2025-03-03,소모품비,소모품비 03월 정산분,916000.0,김대리,2025-03-05 14:49:00
JV00792,2025-03-03,외주가공비,외주가공비 03월 정산분,150000.0,박과장,2025-03-04 13:00:00
JV00711,2025-03-03,매출원가,매출원가 03월 정산분,173000.0,김대리,2025-03-04 13:51:00
JV00917,2025-03-03,매출,매출 03월 정산분,341000.0,정부장,2025-03-04 18:44:00
JV01293,2025-03-03,지급수수료,지급수수료 03월 정산분,785000.0,이차장,2025-03-05 09:01:00
JV00319,2025-03-03,외주가공비,외주가공비 03월 정산분,3072000.0,최사원,2025-03-06 18:45:00
JV02489,2025-03-03,매출,매출 03월 정산분,2049000.0,최사원,2025-03-04 12:49:00
JV01289,2025-03-04,외주가공비,외주가공비 03월 정산분,437000.0,박과장,2025-03-06 11:46:00
JV02835,2025-03-04,외주가공비,외주가공비 03월 정산분,561000.0,김대리,2025-03-05 14:12:00
JV02512,2025-03-04,소모품비,소모품비 03월 정산분,1394000.0,이차장,2025-03-08 08:20:00
JV00373,2025-03-04,복리후생비,복리후생비 03월 정산분,155000.0,최사원,2025-03-04 10:22:00
JV01470,2025-03-04,소모품비,소모품비 03월 정산분,235000.0,최사원,2025-03-05 18:30:00
JV02577,2025-03-04,광고선전비,광고선전비 03월 정산분,20128000.0,김대리,2025-03-06 14:06:00
JV02805,2025-03-04,잡비,잡비 03월 정산분,78000.0,이차장,2025-03-08 17:28:00
JV00811,2025-03-04,매출,매출 03월 정산분,421000.0,박과장,2025-03-06 18:40:00
JV01923,2025-03-05,매출원가,매출원가 03월 정산분,735000.0,최사원,2025-03-09 13:19:00
JV00333,2025-03-05,접대비,접대비 03월 정산분,66000.0,최사원,2025-03-09 08:50:00
JV01439,2025-03-05,소모품비,소모품비 03월 정산분,124000.0,김대리,2025-03-05 09:47:00
JV01942,2025-03-05,복리후생비,복리후생비 03월 정산분,667000.0,최사원,2025-03-06 14:40:00
JV01452,2025-03-05,복리후생비,복리후생비 03월 정산분,229000.0,김대리,2025-03-07 18:58:00
JV01110,2025-03-05,복리후생비,복리후생비 03월 정산분,2253000.0,최사원,2025-03-05 16:48:00
JV01326,2025-03-05,광고선전비,광고선전비 03월 정산분,226000.0,박과장,2025-03-05 12:14:00
JV01996,2025-03-06,매출,매출 03월 정산분,1214000.0,정부장,2025-03-10 17:51:00
JV02185,2025-03-06,지급수수료,지급수수료 03월 정산분,259000.0,정부장,2025-03-10 18:50:00
JV02136,2025-03-06,소모품비,소모품비 03월 정산분,71000.0,최사원,2025-03-09 10:01:00
JV02103,2025-03-06,접대비,접대비 03월 정산분,485000.0,이차장,2025-03-09 14:17:00
JV01830,2025-03-06,광고선전비,광고선전비 03월 정산분,208000.0,김대리,2025-03-10 15:39:00
JV00660,2025-03-06,매출,매출 03월 정산분,74000.0,이차장,2025-03-08 08:26:00
JV01389,2025-03-06,소모품비,소모품비 03월 정산분,970000.0,이차장,2025-03-09 14:41:00
JV02821,2025-03-06,매출,매출 03월 정산분,313000.0,정부장,2025-03-09 11:20:00
JV00712,2025-03-06,미지급비용,미지급비용 03월 정산분,839000.0,이차장,2025-03-08 08:22:00
JV02536,2025-03-06,소모품비,소모품비 03월 정산분,142000.0,김대리,2025-03-10 13:09:00
JV00740,2025-03-07,외주가공비,외주가공비 03월 정산분,465000.0,박과장,2025-03-08 10:21:00
JV01027,2025-03-07,매출원가,매출원가 03월 정산분,29000.0,이차장,2025-03-08 08:18:00
JV00659,2025-03-07,매출,매출 03월 정산분,701000.0,이차장,2025-03-09 18:08:00
JV00258,2025-03-07,매출원가,매출원가 03월 정산분,210000.0,시스템,2025-03-10 14:31:00
JV02777,2025-03-07,지급수수료,지급수수료 03월 정산분,76000.0,최사원,2025-03-10 18:36:00
JV00168,2025-03-07,매출원가,매출원가 03월 정산분,3634000.0,박과장,2025-03-08 16:29:00
JV00547,2025-03-08,매출,매출 03월 정산분,4711000.0,박과장,2025-03-09 10:29:00
JV00960,2025-03-08,미지급비용,미지급비용 03월 정산분,285000.0,최사원,2025-03-12 17:55:00
JV01789,2025-03-08,매출원가,매출원가 03월 정산분,2178000.0,박과장,2025-03-09 12:59:00
JV01417,2025-03-08,소모품비,소모품비 03월 정산분,308000.0,최사원,2025-03-12 13:52:00
JV02147,2025-03-08,미지급비용,미지급비용 03월 정산분,15000.0,이차장,2025-03-11 13:35:00
JV01455,2025-03-08,복리후생비,복리후생비 03월 정산분,2382000.0,김대리,2025-03-08 16:10:00
JV00737,2025-03-08,매출원가,매출원가 03월 정산분,962000.0,최사원,2025-03-09 13:59:00
JV01325,2025-03-09,여비교통비,여비교통비 03월 정산분,61000.0,최사원,2025-03-12 11:42:00
JV01227,2025-03-09,여비교통비,여비교통비 03월 정산분,3965000.0,이차장,2025-03-13 16:36:00
JV01699,2025-03-09,접대비,접대비 03월 정산분,321000.0,박과장,2025-03-13 16:55:00
JV01118,2025-03-09,광고선전비,광고선전비 03월 정산분,3221000.0,최사원,2025-03-10 15:31:00
JV02178,2025-03-09,매출원가,매출원가 03월 정산분,438000.0,박과장,2025-03-10 15:22:00
JV01212,2025-03-09,외주가공비,외주가공비 03월 정산분,297000.0,최사원,2025-03-12 09:25:00
JV02470,2025-03-09,매출,매출 03월 정산분,28000.0,최사원,2025-03-09 08:35:00
JV00348,2025-03-09,소모품비,소모품비 03월 정산분,19059000.0,최사원,2025-03-10 17:59:00
JV00718,2025-03-09,광고선전비,광고선전비 03월 정산분,53000.0,이차장,2025-03-13 14:28:00
JV02501,2025-03-09,광고선전비,광고선전비 03월 정산분,7618000.0,최사원,2025-03-12 12:45:00
JV00584,2025-03-09,지급수수료,지급수수료 03월 정산분,1365000.0,김대리,2025-03-11 09:23:00
JV01134,2025-03-09,접대비,접대비 03월 정산분,407000.0,이차장,2025-03-13 17:01:00
JV00604,2025-03-09,미지급비용,미지급비용 03월 정산분,145000.0,김대리,2025-03-11 11:49:00
JV00544,2025-03-10,매출원가,매출원가 03월 정산분,375000.0,최사원,2025-03-12 17:48:00
JV01670,2025-03-10,복리후생비,복리후생비 03월 정산분,159000.0,김대리,2025-03-10 17:04:00
JV00382,2025-03-10,지급수수료,지급수수료 03월 정산분,3562000.0,박과장,2025-03-14 14:36:00
JV02032,2025-03-10,복리후생비,복리후생비 03월 정산분,717000.0,최사원,2025-03-12 14:47:00
JV02792,2025-03-10,매출원가,매출원가 03월 정산분,9989000.0,최사원,2025-03-13 13:42:00
JV02581,2025-03-10,외주가공비,외주가공비 03월 정산분,117000.0,박과장,2025-03-13 08:28:00
JV01709,2025-03-10,외주가공비,외주가공비 03월 정산분,1478000.0,정부장,2025-03-13 18:37:00
JV02816,2025-03-10,선급비용,선급비용 03월 정산분,136000.0,박과장,2025-03-10 17:40:00
JV01049,2025-03-11,지급수수료,지급수수료 03월 정산분,281000.0,박과장,2025-03-15 12:32:00
JV01763,2025-03-11,미지급비용,미지급비용 03월 정산분,105000.0,최사원,2025-03-15 10:39:00
JV00668,2025-03-11,선급비용,선급비용 03월 정산분,4551000.0,최사원,2025-03-12 12:15:00
JV02798,2025-03-11,지급수수료,지급수수료 03월 정산분,126000.0,박과장,2025-03-13 15:53:00
JV02934,2025-03-11,광고선전비,광고선전비 03월 정산분,34000.0,박과장,2025-03-11 14:41:00
JV00408,2025-03-11,여비교통비,여비교통비 03월 정산분,1807000.0,시스템,2025-03-13 11:51:00
JV00572,2025-03-11,소모품비,소모품비 03월 정산분,813000.0,김대리,2025-03-13 08:15:00
JV02299,2025-03-11,미지급비용,미지급비용 03월 정산분,354000.0,정부장,2025-03-11 09:11:00
JV00253,2025-03-12,광고선전비,광고선전비 03월 정산분,1113000.0,김대리,2025-03-16 18:30:00
JV00068,2025-03-12,외주가공비,외주가공비 03월 정산분,556000.0,박과장,2025-03-12 08:12:00
JV01462,2025-03-12,소모품비,소모품비 03월 정산분,4574000.0,김대리,2025-03-14 16:28:00
JV00495,2025-03-12,잡비,잡비 03월 정산분,218000.0,이차장,2025-03-14 13:16:00
JV02274,2025-03-12,접대비,접대비 03월 정산분,237000.0,박과장,2025-03-15 09:43:00
JV00162,2025-03-12,매출원가,매출원가 03월 정산분,597000.0,최사원,2025-03-15 13:33:00
JV01912,2025-03-12,외주가공비,외주가공비 03월 정산분,1818000.0,최사원,2025-03-14 12:34:00
JV02880,2025-03-13,지급수수료,지급수수료 03월 정산분,3947000.0,최사원,2025-03-15 16:34:00
JV01511,2025-03-13,소모품비,소모품비 03월 정산분,42000.0,박과장,2025-03-14 18:34:00
JV02260,2025-03-13,외주가공비,외주가공비 03월 정산분,61000.0,박과장,2025-03-17 11:11:00
JV01072,2025-03-13,소모품비,소모품비 03월 정산분,130000.0,시스템,2025-03-13 18:54:00
JV01569,2025-03-13,광고선전비,광고선전비 03월 정산분,710000.0,최사원,2025-03-15 16:05:00
JV00886,2025-03-13,매출,매출 03월 정산분,3719000.0,이차장,2025-03-16 15:28:00
JV02904,2025-03-13,소모품비,소모품비 03월 정산분,62000.0,김대리,2025-03-16 18:54:00
JV01267,2025-03-13,매출,매출 03월 정산분,121000.0,김대리,2025-03-14 08:11:00
JV02970,2025-03-13,외주가공비,외주가공비 03월 정산분,10589000.0,이차장,2025-03-14 18:26:00
JV00603,2025-03-14,매출,매출 03월 정산분,246000.0,박과장,2025-03-18 09:16:00
JV00523,2025-03-14,여비교통비,여비교통비 03월 정산분,828000.0,박과장,2025-03-16 09:17:00
JV00254,2025-03-14,지급수수료,지급수수료 03월 정산분,1001000.0,이차장,2025-03-16 14:24:00
JV00890,2025-03-14,소모품비,소모품비 03월 정산분,179000.0,김대리,2025-03-17 14:34:00
JV01000,2025-03-14,매출원가,매출원가 03월 정산분,138000.0,김대리,2025-03-14 15:31:00
JV01852,2025-03-14,소모품비,소모품비 03월 정산분,545000.0,최사원,2025-03-17 13:39:00
JV01871,2025-03-14,지급수수료,지급수수료 03월 정산분,564000.0,이차장,2025-03-17 17:48:00
JV01185,2025-03-14,외주가공비,외주가공비 03월 정산분,1773000.0,박과장,2025-03-15 11:37:00
JV00444,2025-03-14,여비교통비,여비교통비 03월 정산분,1296000.0,김대리,2025-03-18 18:01:00
JV01412,2025-03-14,여비교통비,여비교통비 03월 정산분,329000.0,최사원,2025-03-16 11:51:00
JV00273,2025-03-15,미지급비용,미지급비용 03월 정산분,436000.0,김대리,2025-03-17 15:09:00
JV02010,2025-03-15,복리후생비,복리후생비 03월 정산분,2203000.0,김대리,2025-03-15 14:35:00
JV02449,2025-03-15,매출,매출 03월 정산분,2591000.0,김대리,2025-03-15 16:05:00
JV02612,2025-03-15,소모품비,소모품비 03월 정산분,475000.0,이차장,2025-03-15 10:45:00
JV01740,2025-03-15,여비교통비,여비교통비 03월 정산분,639000.0,정부장,2025-03-15 16:30:00
JV01287,2025-03-15,접대비,접대비 03월 정산분,158000.0,박과장,2025-03-16 10:24:00
JV01018,2025-03-15,소모품비,소모품비 03월 정산분,703000.0,박과장,2025-03-17 08:44:00
JV01708,2025-03-15,매출원가,매출원가 03월 정산분,1641000.0,최사원,2025-03-15 15:01:00
JV01704,2025-03-15,매출,매출 03월 정산분,228000.0,정부장,2025-03-19 09:09:00
JV02000,2025-03-15,여비교통비,여비교통비 03월 정산분,4960000.0,최사원,2025-03-15 15:13:00
JV00072,2025-03-15,외주가공비,외주가공비 03월 정산분,6280000.0,김대리,2025-03-15 13:17:00
JV00318,2025-03-16,지급수수료,지급수수료 03월 정산분,26000.0,김대리,2025-03-17 09:40:00
JV01752,2025-03-16,매출원가,매출원가 03월 정산분,396000.0,최사원,2025-03-19 09:01:00
JV01779,2025-03-16,외주가공비,외주가공비 03월 정산분,9990000.0,이차장,2025-03-18 16:59:00
JV01054,2025-03-16,매출,매출 03월 정산분,1453000.0,김대리,2025-03-19 16:58:00
JV02793,2025-03-16,매출,매출 03월 정산분,273000.0,이차장,2025-03-16 15:02:00
JV01304,2025-03-16,복리후생비,복리후생비 03월 정산분,192000.0,김대리,2025-03-17 13:56:00
JV01813,2025-03-16,여비교통비,여비교통비 03월 정산분,3097000.0,박과장,2025-03-16 09:01:00
JV02221,2025-03-17,광고선전비,광고선전비 03월 정산분,1607000.0,최사원,2025-03-18 15:17:00
JV02967,2025-03-17,소모품비,소모품비 03월 정산분,13150000.0,최사원,2025-03-19 18:41:00
JV02040,2025-03-17,매출,매출 03월 정산분,343000.0,최사원,2025-03-17 16:26:00
JV02721,2025-03-17,복리후생비,복리후생비 03월 정산분,281000.0,최사원,2025-03-20 18:29:00
JV02753,2025-03-17,매출,매출 03월 정산분,814000.0,박과장,2025-03-19 09:43:00
JV02269,2025-03-17,매출원가,매출원가 03월 정산분,125000.0,김대리,2025-03-21 10:17:00
JV00754,2025-03-17,지급수수료,지급수수료 03월 정산분,20125000.0,최사원,2025-03-19 14:01:00
JV00611,2025-03-17,매출,매출 03월 정산분,116000.0,최사원,2025-03-18 10:11:00
JV02400,2025-03-17,접대비,접대비 03월 정산분,545000.0,이차장,2025-03-20 13:36:00
JV00509,2025-03-18,매출,매출 03월 정산분,705000.0,박과장,2025-03-21 18:22:00
JV01904,2025-03-18,매출원가,매출원가 03월 정산분,1203000.0,이차장,2025-03-19 08:38:00
JV00840,2025-03-18,매출,매출 03월 정산분,696000.0,이차장,2025-03-21 12:25:00
JV01637,2025-03-19,복리후생비,복리후생비 03월 정산분,1615000.0,김대리,2025-03-23 17:19:00
JV00322,2025-03-19,소모품비,소모품비 03월 정산분,81000.0,박과장,2025-03-22 11:39:00
JV00179,2025-03-19,미지급비용,미지급비용 03월 정산분,1765000.0,박과장,2025-03-23 15:30:00
JV01242,2025-03-19,소모품비,소모품비 03월 정산분,149000.0,이차장,2025-03-21 13:34:00
JV02763,2025-03-19,여비교통비,여비교통비 03월 정산분,142000.0,정부장,2025-03-19 09:09:00
JV01147,2025-03-19,복리후생비,복리후생비 03월 정산분,786000.0,이차장,2025-03-20 17:11:00
JV00577,2025-03-19,광고선전비,광고선전비 03월 정산분,1178000.0,최사원,2025-03-22 14:43:00
JV02084,2025-03-19,소모품비,소모품비 03월 정산분,794000.0,김대리,2025-03-19 17:38:00
JV02119,2025-03-19,소모품비,소모품비 03월 정산분,4566000.0,최사원,2025-03-20 08:32:00
JV01571,2025-03-19,매출원가,매출원가 03월 정산분,244000.0,박과장,2025-03-22 08:35:00
JV01160,2025-03-20,매출,매출 03월 정산분,69000.0,이차장,2025-03-23 12:54:00
JV01617,2025-03-20,매출원가,매출원가 03월 정산분,79410000.0,최사원,2025-03-22 18:26:00
JV00476,2025-03-20,복리후생비,복리후생비 03월 정산분,1381000.0,박과장,2025-03-21 18:16:00
JV01332,2025-03-20,소모품비,소모품비 03월 정산분,2900000.0,이차장,2025-03-22 16:38:00
JV00506,2025-03-20,미지급비용,미지급비용 03월 정산분,1696000.0,박과장,2025-03-20 14:07:00
JV00405,2025-03-20,선급비용,선급비용 03월 정산분,2682000.0,이차장,2025-03-20 12:49:00
JV00042,2025-03-20,외주가공비,외주가공비 03월 정산분,8427000.0,이차장,2025-03-24 10:22:00
JV00140,2025-03-20,외주가공비,외주가공비 03월 정산분,227000.0,박과장,2025-03-21 17:28:00
JV01535,2025-03-20,외주가공비,외주가공비 03월 정산분,2949000.0,김대리,2025-03-24 15:26:00
JV01965,2025-03-20,지급수수료,지급수수료 03월 정산분,2838000.0,최사원,2025-03-23 16:47:00
JV01541,2025-03-20,외주가공비,외주가공비 03월 정산분,1682000.0,김대리,2025-03-22 14:51:00
JV00827,2025-03-21,매출,매출 03월 정산분,115000.0,김대리,2025-03-22 10:36:00
JV01631,2025-03-21,매출원가,매출원가 03월 정산분,394000.0,최사원,2025-03-25 11:48:00
JV02854,2025-03-21,여비교통비,여비교통비 03월 정산분,1579000.0,박과장,2025-03-23 13:00:00
JV01115,2025-03-21,매출,매출 03월 정산분,2694000.0,최사원,2025-03-22 18:35:00
JV01516,2025-03-21,접대비,접대비 03월 정산분,454000.0,정부장,2025-03-21 15:08:00
JV01093,2025-03-21,복리후생비,복리후생비 03월 정산분,519000.0,김대리,2025-03-24 17:05:00
JV00672,2025-03-21,소모품비,소모품비 03월 정산분,1000000.0,김대리,2025-03-23 17:37:00
JV00271,2025-03-21,광고선전비,광고선전비 03월 정산분,190000.0,박과장,2025-03-25 18:53:00
JV01772,2025-03-22,매출원가,매출원가 03월 정산분,506000.0,김대리,2025-03-25 10:15:00
JV01322,2025-03-22,매출,매출 03월 정산분,101000.0,최사원,2025-03-23 18:47:00
JV02764,2025-03-22,복리후생비,복리후생비 03월 정산분,6000.0,이차장,2025-03-22 11:55:00
JV02694,2025-03-22,선급비용,선급비용 03월 정산분,1954000.0,최사원,2025-03-24 18:38:00
JV00993,2025-03-23,외주가공비,외주가공비 03월 정산분,2681000.0,김대리,2025-03-24 09:10:00
JV00884,2025-03-23,매출원가,매출원가 03월 정산분,74000.0,박과장,2025-03-23 11:44:00
JV01747,2025-03-23,복리후생비,복리후생비 03월 정산분,1082000.0,이차장,2025-03-24 10:04:00
JV02633,2025-03-23,외주가공비,외주가공비 03월 정산분,410000.0,최사원,2025-03-23 10:30:00
JV00995,2025-03-24,선급비용,선급비용 03월 정산분,271000.0,박과장,2025-03-26 14:06:00
JV00008,2025-03-24,소모품비,소모품비 03월 정산분,138000.0,박과장,2025-03-27 18:02:00
JV00829,2025-03-24,광고선전비,광고선전비 03월 정산분,2944000.0,박과장,2025-03-26 14:22:00
JV90004,2025-03-24,외주가공비,외주가공비 03월 정산분,191000.0,김대리,2025-03-26 11:54:00
JV00702,2025-03-24,광고선전비,광고선전비 03월 정산분,455000.0,김대리,2025-03-24 17:41:00
JV00111,2025-03-24,매출원가,매출원가 03월 정산분,50000.0,최사원,2025-03-24 11:51:00
JV01521,2025-03-24,외주가공비,외주가공비 03월 정산분,191000.0,김대리,2025-03-26 11:54:00
JV02789,2025-03-24,매출원가,매출원가 03월 정산분,695000.0,이차장,2025-03-26 16:57:00
JV01833,2025-03-24,미지급비용,미지급비용 03월 정산분,763000.0,최사원,2025-03-26 18:40:00
JV02636,2025-03-24,광고선전비,광고선전비 03월 정산분,2095000.0,최사원,2025-03-27 17:32:00
JV02651,2025-03-24,지급수수료,지급수수료 03월 정산분,2637000.0,이차장,2025-03-25 12:54:00
JV00252,2025-03-24,소모품비,소모품비 03월 정산분,1749000.0,김대리,2025-03-27 09:27:00
JV01853,2025-03-24,외주가공비,외주가공비 03월 정산분,660000.0,박과장,2025-03-27 18:04:00
JV02890,2025-03-25,매출원가,매출원가 03월 정산분,1023000.0,박과장,2025-03-28 15:57:00
JV01697,2025-03-25,소모품비,소모품비 03월 정산분,1344000.0,김대리,2025-03-27 08:19:00
JV01243,2025-03-25,소모품비,소모품비 03월 정산분,11444000.0,이차장,2025-03-26 17:50:00
JV01303,2025-03-25,외주가공비,외주가공비 03월 정산분,6245000.0,김대리,2025-03-29 16:15:00
JV01654,2025-03-25,지급수수료,지급수수료 03월 정산분,94000.0,박과장,2025-03-27 12:34:00
JV01103,2025-03-26,매출원가,매출원가 03월 정산분,951000.0,김대리,2025-03-26 12:55:00
JV01803,2025-03-26,외주가공비,외주가공비 03월 정산분,49000.0,박과장,2025-03-27 18:06:00
JV01061,2025-03-26,미지급비용,미지급비용 03월 정산분,265000.0,정부장,2025-03-27 09:38:00
JV00750,2025-03-26,소모품비,소모품비 03월 정산분,1234000.0,이차장,2025-03-27 08:27:00
JV00567,2025-03-26,소모품비,소모품비 03월 정산분,19000.0,정부장,2025-03-27 18:26:00
JV00251,2025-03-26,광고선전비,광고선전비 03월 정산분,92000.0,최사원,2025-03-26 18:13:00
JV01393,2025-03-27,복리후생비,복리후생비 03월 정산분,578000.0,김대리,2025-03-27 15:49:00
JV02966,2025-03-27,소모품비,소모품비 03월 정산분,139000.0,최사원,2025-03-31 17:19:00
JV01365,2025-03-27,지급수수료,지급수수료 03월 정산분,597000.0,최사원,2025-03-29 18:22:00
JV00343,2025-03-27,미지급비용,미지급비용 03월 정산분,210000.0,박과장,2025-03-27 08:51:00
JV01656,2025-03-27,미지급비용,미지급비용 03월 정산분,1943000.0,박과장,2025-03-28 16:59:00
JV02804,2025-03-27,지급수수료,지급수수료 03월 정산분,2361000.0,김대리,2025-03-28 08:49:00
JV02784,2025-03-27,광고선전비,광고선전비 03월 정산분,397000.0,박과장,2025-03-31 16:10:00
JV02621,2025-03-28,복리후생비,복리후생비 03월 정산분,1472000.0,이차장,2025-03-31 15:21:00
JV00833,2025-03-28,지급수수료,지급수수료 03월 정산분,3572000.0,정부장,2025-03-28 09:55:00
JV02500,2025-03-28,매출,매출 03월 정산분,290000.0,박과장,2025-04-01 15:32:00
JV00407,2025-03-28,소모품비,소모품비 03월 정산분,1120000.0,김대리,2025-04-01 10:27:00
JV02981,2025-03-28,매출원가,매출원가 03월 정산분,350000.0,정부장,2025-03-30 13:29:00
JV00770,2025-03-28,복리후생비,복리후생비 03월 정산분,108000.0,김대리,2025-03-31 09:03:00
JV02237,2025-03-28,광고선전비,광고선전비 03월 정산분,2475000.0,이차장,2025-04-01 13:53:00
JV00413,2025-03-28,복리후생비,복리후생비 03월 정산분,143000.0,박과장,2025-03-31 13:41:00
JV00132,2025-03-29,매출,매출 03월 정산분,382000.0,박과장,2025-03-29 17:39:00
JV02373,2025-03-29,매출,매출 03월 정산분,1849000.0,정부장,2025-03-31 16:29:00
JV00180,2025-03-29,미지급비용,미지급비용 03월 정산분,877000.0,김대리,2025-03-30 15:57:00
JV02562,2025-03-30,여비교통비,여비교통비 03월 정산분,328000.0,시스템,2025-04-03 08:45:00
JV02955,2025-03-30,지급수수료,지급수수료 03월 정산분,2899000.0,이차장,2025-04-03 10:52:00
JV02519,2025-03-30,여비교통비,여비교통비 03월 정산분,520000.0,시스템,2025-04-02 12:19:00
JV00749,2025-03-30,접대비,접대비 03월 정산분,830000.0,이차장,2025-04-02 13:01:00
JV01889,2025-03-30,지급수수료,지급수수료 03월 정산분,776000.0,김대리,2025-03-31 11:55:00
JV01945,2025-03-31,지급수수료,지급수수료 03월 정산분,11391000.0,김대리,2025-04-02 15:09:00
JV00165,2025-03-31,매출,매출 03월 정산분,2480000.0,박과장,2025-04-04 16:18:00
JV01234,2025-03-31,외주가공비,외주가공비 03월 정산분,739000.0,이차장,2025-04-04 12:48:00
JV01033,2025-03-31,매출원가,매출원가 03월 정산분,15407000.0,정부장,2025-03-31 11:37:00
JV02052,2025-03-31,광고선전비,광고선전비 03월 정산분,1332000.0,김대리,2025-03-31 11:41:00
JV02461,2025-03-31,소모품비,소모품비 03월 정산분,2613000.0,최사원,2025-03-31 13:14:00
JV00095,2025-03-31,매출,매출 03월 정산분,596000.0,이차장,2025-04-04 11:08:00
JV00385,2025-03-31,외주가공비,외주가공비 03월 정산분,2349000.0,박과장,2025-04-02 12:34:00
JV02645,2025-03-31,소모품비,소모품비 03월 정산분,4079000.0,김대리,2025-04-02 08:35:00
JV01038,2025-03-31,여비교통비,여비교통비 03월 정산분,11701000.0,박과장,2025-04-04 08:17:00
JV01758,2025-03-31,여비교통비,여비교통비 03월 정산분,1755000.0,김대리,2025-04-01 11:01:00
JV01505,2025-03-31,외주가공비,외주가공비 03월 정산분,114000.0,박과장,2025-04-02 13:52:00
JV00975,2025-03-31,매출원가,매출원가 03월 정산분,1038000.0,정부장,2025-04-02 13:07:00
JV01838,2025-03-31,매출,매출 03월 정산분,167000.0,박과장,2025-03-31 15:50:00
JV00687,2025-04-01,복리후생비,복리후생비 04월 정산분,2387000.0,정부장,2025-04-03 17:32:00
JV00698,2025-04-01,매출,매출 04월 정산분,1385000.0,김대리,2025-04-03 13:43:00
JV02364,2025-04-01,접대비,접대비 04월 정산분,898000.0,이차장,2025-04-05 08:37:00
JV00380,2025-04-01,소모품비,소모품비 04월 정산분,3050000.0,이차장,2025-04-03 11:33:00
JV00508,2025-04-01,잡비,잡비 04월 정산분,398000.0,박과장,2025-04-03 18:28:00
JV00064,2025-04-01,여비교통비,여비교통비 04월 정산분,58373000.0,김대리,2025-04-04 09:15:00
JV00965,2025-04-01,광고선전비,광고선전비 04월 정산분,12657000.0,김대리,2025-04-01 17:58:00
JV02413,2025-04-01,접대비,접대비 04월 정산분,1371000.0,박과장,2025-04-02 12:47:00
JV00295,2025-04-01,소모품비,소모품비 04월 정산분,106000.0,정부장,2025-04-01 14:22:00
JV02972,2025-04-01,매출원가,매출원가 04월 정산분,935000.0,이차장,2025-04-04 11:43:00
JV02605,2025-04-02,여비교통비,여비교통비 04월 정산분,2788000.0,최사원,2025-04-05 18:20:00
JV02755,2025-04-02,매출원가,매출원가 04월 정산분,371000.0,이차장,2025-04-05 10:45:00
JV02035,2025-04-02,외주가공비,외주가공비 04월 정산분,8620000.0,최사원,2025-04-05 18:55:00
JV01919,2025-04-02,매출원가,매출원가 04월 정산분,165000.0,박과장,2025-04-06 08:47:00
JV00302,2025-04-02,매출,매출 04월 정산분,126000.0,김대리,2025-04-02 10:54:00
JV01495,2025-04-02,소모품비,소모품비 04월 정산분,817000.0,정부장,2025-04-02 13:59:00
JV00955,2025-04-02,여비교통비,여비교통비 04월 정산분,5267000.0,김대리,2025-04-03 14:51:00
JV01450,2025-04-02,지급수수료,지급수수료 04월 정산분,228000.0,최사원,2025-04-04 12:42:00
JV00695,2025-04-03,미지급비용,미지급비용 04월 정산분,40000.0,김대리,2025-04-06 12:02:00
JV01706,2025-04-03,잡비,잡비 04월 정산분,680000.0,정부장,2025-04-05 16:49:00
JV00378,2025-04-03,광고선전비,광고선전비 04월 정산분,423000.0,박과장,2025-04-06 18:28:00
JV00633,2025-04-03,외주가공비,외주가공비 04월 정산분,3138000.0,이차장,2025-04-06 15:29:00
JV00484,2025-04-03,외주가공비,외주가공비 04월 정산분,456000.0,이차장,2025-04-07 13:35:00
JV01928,2025-04-03,복리후생비,복리후생비 04월 정산분,4034000.0,최사원,2025-04-05 16:52:00
JV02595,2025-04-03,선급비용,선급비용 04월 정산분,32000.0,최사원,2025-04-06 15:56:00
JV00741,2025-04-03,잡비,잡비 04월 정산분,234000.0,박과장,2025-04-03 09:48:00
JV01550,2025-04-03,잡비,잡비 04월 정산분,420000.0,이차장,2025-04-05 13:50:00
JV01688,2025-04-03,외주가공비,외주가공비 04월 정산분,7169000.0,박과장,2025-04-05 11:18:00
JV01671,2025-04-04,매출,매출 04월 정산분,768000.0,김대리,2025-04-05 14:36:00
JV00026,2025-04-04,복리후생비,복리후생비 04월 정산분,365000.0,최사원,2025-04-05 14:16:00
JV02946,2025-04-04,매출원가,매출원가 04월 정산분,800000.0,최사원,2025-04-08 16:45:00
JV01094,2025-04-04,선급비용,선급비용 04월 정산분,6553000.0,이차장,2025-04-06 13:39:00
JV02215,2025-04-04,매출원가,매출원가 04월 정산분,321000.0,김대리,2025-04-07 10:58:00
JV01534,2025-04-04,지급수수료,지급수수료 04월 정산분,123000.0,이차장,2025-04-04 11:03:00
JV02124,2025-04-04,접대비,접대비 04월 정산분,74435000.0,박과장,2025-04-06 09:45:00
JV02414,2025-04-04,복리후생비,복리후생비 04월 정산분,10362000.0,최사원,2025-04-08 08:35:00
JV01062,2025-04-04,지급수수료,지급수수료 04월 정산분,1097000.0,박과장,2025-04-04 15:17:00
JV00651,2025-04-04,여비교통비,여비교통비 04월 정산분,938000.0,이차장,2025-04-08 13:35:00
JV02471,2025-04-04,외주가공비,외주가공비 04월 정산분,687000.0,김대리,2025-04-04 13:53:00
JV02711,2025-04-05,선급비용,선급비용 04월 정산분,5313000.0,최사원,2025-04-06 15:47:00
JV01529,2025-04-05,광고선전비,광고선전비 04월 정산분,136000.0,이차장,2025-04-09 16:32:00
JV00677,2025-04-05,선급비용,선급비용 04월 정산분,330000.0,이차장,2025-04-05 11:02:00
JV01046,2025-04-05,지급수수료,지급수수료 04월 정산분,8121000.0,이차장,2025-04-06 13:12:00
JV00377,2025-04-05,매출원가,매출원가 04월 정산분,6856000.0,박과장,2025-04-08 12:20:00
JV01980,2025-04-05,매출원가,매출원가 04월 정산분,380000.0,김대리,2025-04-08 10:02:00
JV01781,2025-04-06,미지급비용,미지급비용 04월 정산분,3749000.0,박과장,2025-04-09 12:37:00
JV02207,2025-04-06,소모품비,소모품비 04월 정산분,424000.0,정부장,2025-04-06 15:38:00
JV02247,2025-04-06,매출원가,매출원가 04월 정산분,1052000.0,이차장,2025-04-08 11:40:00
JV01491,2025-04-06,외주가공비,외주가공비 04월 정산분,643000.0,이차장,2025-04-09 13:57:00
JV01802,2025-04-06,접대비,접대비 04월 정산분,1097000.0,이차장,2025-04-06 16:40:00
JV02660,2025-04-06,외주가공비,외주가공비 04월 정산분,1814000.0,김대리,2025-04-08 17:04:00
JV01197,2025-04-06,소모품비,소모품비 04월 정산분,2774000.0,박과장,2025-04-09 12:25:00
JV02785,2025-04-06,복리후생비,복리후생비 04월 정산분,2406000.0,이차장,2025-04-06 16:37:00
JV00723,2025-04-06,광고선전비,광고선전비 04월 정산분,757000.0,최사원,2025-04-07 15:27:00
JV02390,2025-04-06,미지급비용,미지급비용 04월 정산분,310000.0,김대리,2025-04-06 16:07:00
JV02028,2025-04-07,여비교통비,여비교통비 04월 정산분,1646000.0,김대리,2025-04-10 14:13:00
JV01827,2025-04-07,매출원가,매출원가 04월 정산분,1375000.0,최사원,2025-04-11 09:43:00
JV01372,2025-04-07,접대비,접대비 04월 정산분,32000.0,최사원,2025-04-09 13:26:00
JV02417,2025-04-07,매출,매출 04월 정산분,342000.0,최사원,2025-04-09 14:08:00
JV01193,2025-04-07,외주가공비,외주가공비 04월 정산분,9990000.0,이차장,2025-04-11 17:33:00
JV02606,2025-04-07,매출,매출 04월 정산분,5092000.0,박과장,2025-04-08 13:27:00
JV00449,2025-04-07,광고선전비,광고선전비 04월 정산분,1040000.0,김대리,2025-04-11 14:13:00
JV01616,2025-04-08,접대비,접대비 04월 정산분,589000.0,김대리,2025-04-10 13:10:00
JV02697,2025-04-08,미지급비용,미지급비용 04월 정산분,102000.0,박과장,2025-04-12 14:15:00
JV00722,2025-04-08,광고선전비,광고선전비 04월 정산분,260000.0,정부장,2025-04-08 13:01:00
JV00574,2025-04-08,소모품비,소모품비 04월 정산분,768000.0,이차장,2025-04-09 12:56:00
JV00061,2025-04-08,잡비,잡비 04월 정산분,1242000.0,이차장,2025-04-11 08:57:00
JV01244,2025-04-08,여비교통비,여비교통비 04월 정산분,275000.0,정부장,2025-04-10 11:56:00
JV02262,2025-04-08,접대비,접대비 04월 정산분,3865000.0,박과장,2025-04-10 11:29:00
JV00984,2025-04-08,선급비용,선급비용 04월 정산분,1853000.0,김대리,2025-04-09 10:47:00
JV00082,2025-04-08,매출원가,매출원가 04월 정산분,561000.0,최사원,2025-04-09 10:49:00
JV01130,2025-04-09,선급비용,선급비용 04월 정산분,922000.0,김대리,2025-04-09 08:45:00
JV02027,2025-04-09,외주가공비,외주가공비 04월 정산분,367000.0,김대리,2025-04-11 16:41:00
JV01248,2025-04-09,지급수수료,지급수수료 04월 정산분,109000.0,김대리,2025-04-13 09:54:00
JV01043,2025-04-09,미지급비용,미지급비용 04월 정산분,353000.0,최사원,2025-04-13 18:57:00
JV01969,2025-04-09,복리후생비,복리후생비 04월 정산분,5826000.0,정부장,2025-04-10 10:22:00
JV01432,2025-04-09,외주가공비,외주가공비 04월 정산분,473000.0,최사원,2025-04-13 12:27:00
JV01213,2025-04-09,매출원가,매출원가 04월 정산분,128000.0,정부장,2025-04-12 11:16:00
JV00536,2025-04-09,외주가공비,외주가공비 04월 정산분,294000.0,김대리,2025-04-12 13:02:00
JV01324,2025-04-09,매출,매출 04월 정산분,435000.0,최사원,2025-04-11 17:22:00
JV00268,2025-04-10,매출원가,매출원가 04월 정산분,165000.0,박과장,2025-04-12 12:21:00
JV01338,2025-04-10,미지급비용,미지급비용 04월 정산분,2286000.0,박과장,2025-04-12 11:39:00
JV02003,2025-04-10,복리후생비,복리후생비 04월 정산분,2480000.0,이차장,2025-04-13 11:33:00
JV02724,2025-04-11,잡비,잡비 04월 정산분,6401000.0,최사원,2025-04-11 10:50:00
JV02996,2025-04-11,복리후생비,복리후생비 04월 정산분,1824000.0,김대리,2025-04-12 14:56:00
JV02627,2025-04-11,매출원가,매출원가 04월 정산분,6872000.0,김대리,2025-04-14 18:36:00
JV01167,2025-04-11,매출원가,매출원가 04월 정산분,186000.0,김대리,2025-04-12 15:47:00
JV01268,2025-04-11,매출원가,매출원가 04월 정산분,299000.0,정부장,2025-04-14 14:37:00
JV02609,2025-04-12,매출,매출 04월 정산분,232000.0,최사원,2025-04-15 12:55:00
JV00809,2025-04-12,복리후생비,복리후생비 04월 정산분,3054000.0,김대리,2025-04-15 15:25:00
JV01003,2025-04-12,복리후생비,복리후생비 04월 정산분,1172000.0,김대리,2025-04-13 14:12:00
JV01725,2025-04-12,외주가공비,외주가공비 04월 정산분,33654000.0,이차장,2025-04-12 18:10:00
JV02355,2025-04-12,매출,매출 04월 정산분,912000.0,김대리,2025-04-15 14:12:00
JV01658,2025-04-12,복리후생비,복리후생비 04월 정산분,476000.0,최사원,2025-04-13 10:19:00
JV01308,2025-04-12,매출원가,매출원가 04월 정산분,467000.0,최사원,2025-04-16 10:12:00
JV00024,2025-04-12,잡비,잡비 04월 정산분,169000.0,박과장,2025-04-15 12:08:00
JV02073,2025-04-12,선급비용,선급비용 04월 정산분,1736000.0,김대리,2025-04-14 08:01:00
JV01220,2025-04-12,복리후생비,복리후생비 04월 정산분,722000.0,김대리,2025-04-16 11:54:00
JV00215,2025-04-13,외주가공비,외주가공비 04월 정산분,405000.0,이차장,2025-06-21 01:00:00
JV00159,2025-04-13,매출,매출 04월 정산분,8172000.0,최사원,2025-04-15 11:23:00
JV00979,2025-04-13,매출원가,매출원가 04월 정산분,241000.0,이차장,2025-04-16 11:54:00
JV01864,2025-04-13,지급수수료,지급수수료 04월 정산분,226000.0,박과장,2025-04-17 13:58:00
JV00818,2025-04-13,매출원가,매출원가 04월 정산분,4544000.0,이차장,2025-04-17 16:10:00
JV00573,2025-04-13,복리후생비,복리후생비 04월 정산분,213000.0,이차장,2025-04-13 16:28:00
JV02560,2025-04-13,매출원가,매출원가 04월 정산분,140000.0,이차장,2025-04-16 08:18:00
JV01526,2025-04-13,미지급비용,미지급비용 04월 정산분,74000.0,최사원,2025-04-17 09:49:00
JV02331,2025-04-13,복리후생비,복리후생비 04월 정산분,1280000.0,김대리,2025-04-15 09:39:00
JV01083,2025-04-13,매출,매출 04월 정산분,195000.0,박과장,2025-04-15 18:44:00
JV02773,2025-04-14,선급비용,선급비용 04월 정산분,204000.0,박과장,2025-04-14 15:09:00
JV02328,2025-04-14,소모품비,소모품비 04월 정산분,514000.0,김대리,2025-04-17 11:35:00
JV01512,2025-04-14,지급수수료,지급수수료 04월 정산분,21000.0,김대리,2025-04-15 14:55:00
JV00726,2025-04-14,소모품비,소모품비 04월 정산분,396000.0,박과장,2025-04-14 15:52:00
JV02343,2025-04-14,미지급비용,미지급비용 04월 정산분,299000.0,최사원,2025-04-17 09:08:00
JV02150,2025-04-14,접대비,접대비 04월 정산분,345000.0,김대리,2025-04-17 12:47:00
JV02456,2025-04-14,소모품비,소모품비 04월 정산분,479000.0,최사원,2025-04-15 11:25:00
JV00887,2025-04-14,잡비,잡비 04월 정산분,45972000.0,이차장,2025-04-16 09:51:00
JV02739,2025-04-14,매출원가,매출원가 04월 정산분,2894000.0,김대리,2025-04-16 08:06:00
JV01112,2025-04-14,복리후생비,복리후생비 04월 정산분,2864000.0,정부장,2025-04-17 15:38:00
JV02313,2025-04-15,매출,매출 04월 정산분,244000.0,박과장,2025-04-16 11:40:00
JV01958,2025-04-15,복리후생비,복리후생비 04월 정산분,1922000.0,최사원,2025-04-17 08:31:00
JV00947,2025-04-15,매출,매출 04월 정산분,1489000.0,김대리,2025-04-15 14:57:00
JV02351,2025-04-15,외주가공비,외주가공비 04월 정산분,585000.0,정부장,2025-04-16 12:45:00
JV01727,2025-04-15,잡비,잡비 04월 정산분,450000.0,김대리,2025-04-16 12:25:00
JV01712,2025-04-15,미지급비용,미지급비용 04월 정산분,577000.0,최사원,2025-04-16 09:31:00
JV02279,2025-04-15,지급수수료,지급수수료 04월 정산분,34000.0,박과장,2025-04-15 13:01:00
JV90001,2025-04-15,복리후생비,복리후생비 04월 정산분,1922000.0,최사원,2025-04-17 08:31:00
JV00011,2025-04-15,미지급비용,미지급비용 04월 정산분,318000.0,김대리,2025-04-19 17:45:00
JV01373,2025-04-16,매출,매출 04월 정산분,95000.0,박과장,2025-04-20 11:32:00
JV01316,2025-04-16,복리후생비,복리후생비 04월 정산분,1896000.0,박과장,2025-04-20 15:07:00
JV01058,2025-04-16,외주가공비,외주가공비 04월 정산분,45000.0,이차장,2025-04-20 15:46:00
JV02044,2025-04-16,미지급비용,미지급비용 04월 정산분,219000.0,박과장,2025-04-18 12:10:00
JV01954,2025-04-16,여비교통비,여비교통비 04월 정산분,348000.0,박과장,2025-04-17 08:09:00
JV02210,2025-04-16,매출원가,매출원가 04월 정산분,15000.0,김대리,2025-04-17 18:18:00
JV02288,2025-04-16,외주가공비,외주가공비 04월 정산분,897000.0,김대리,2025-04-18 12:14:00
JV00693,2025-04-16,지급수수료,지급수수료 04월 정산분,433000.0,박과장,2025-04-20 16:25:00
JV02740,2025-04-16,매출원가,매출원가 04월 정산분,853000.0,김대리,2025-04-19 10:16:00
JV02245,2025-04-17,소모품비,소모품비 04월 정산분,5326000.0,이차장,2025-04-21 10:50:00
JV01282,2025-04-17,외주가공비,외주가공비 04월 정산분,922000.0,김대리,2025-04-19 11:44:00
JV00915,2025-04-17,외주가공비,외주가공비 04월 정산분,425000.0,시스템,2025-04-18 12:21:00
JV02831,2025-04-17,매출,매출 04월 정산분,2181000.0,최사원,2025-04-18 10:52:00
JV02713,2025-04-17,잡비,잡비 04월 정산분,75000.0,김대리,2025-04-19 14:01:00
JV00962,2025-04-17,여비교통비,여비교통비 04월 정산분,87000.0,최사원,2025-04-19 17:18:00
JV02014,2025-04-17,광고선전비,광고선전비 04월 정산분,1182000.0,최사원,2025-04-19 11:55:00
JV02406,2025-04-17,접대비,접대비 04월 정산분,417000.0,박과장,2025-04-19 16:55:00
JV01047,2025-04-17,외주가공비,외주가공비 04월 정산분,38000.0,최사원,2025-04-20 08:43:00
JV00964,2025-04-17,소모품비,소모품비 04월 정산분,2113000.0,정부장,2025-04-19 11:56:00
JV02748,2025-04-17,매출,매출 04월 정산분,627000.0,이차장,2025-04-17 08:04:00
JV01938,2025-04-18,미지급비용,미지급비용 04월 정산분,1784000.0,이차장,2025-06-28 02:00:00
JV02206,2025-04-18,광고선전비,광고선전비 04월 정산분,302000.0,최사원,2025-04-22 12:33:00
JV02261,2025-04-18,매출원가,매출원가 04월 정산분,341000.0,최사원,2025-04-20 10:59:00
JV02988,2025-04-18,복리후생비,복리후생비 04월 정산분,2944000.0,김대리,2025-04-22 14:20:00
JV02939,2025-04-18,광고선전비,광고선전비 04월 정산분,88000.0,최사원,2025-04-18 16:44:00
JV00807,2025-04-18,복리후생비,복리후생비 04월 정산분,1179000.0,최사원,2025-04-18 16:56:00
JV00783,2025-04-18,매출원가,매출원가 04월 정산분,1740000.0,박과장,2025-04-21 12:27:00
JV02568,2025-04-18,복리후생비,복리후생비 04월 정산분,902000.0,김대리,2025-04-19 13:48:00
JV02735,2025-04-18,소모품비,소모품비 04월 정산분,1687000.0,김대리,2025-04-18 18:51:00
JV02334,2025-04-19,여비교통비,여비교통비 04월 정산분,31000.0,박과장,2025-04-21 13:57:00
JV00371,2025-04-19,외주가공비,외주가공비 04월 정산분,112000.0,최사원,2025-04-19 12:23:00
JV02828,2025-04-19,외주가공비,외주가공비 04월 정산분,1492000.0,이차장,2025-04-20 18:17:00
JV00313,2025-04-19,지급수수료,지급수수료 04월 정산분,3094000.0,김대리,2025-04-22 18:21:00
JV01678,2025-04-19,매출원가,매출원가 04월 정산분,452000.0,이차장,2025-04-22 15:38:00
JV00505,2025-04-19,매출,매출 04월 정산분,593000.0,이차장,2025-04-23 13:07:00
JV02205,2025-04-19,광고선전비,광고선전비 04월 정산분,462000.0,이차장,2025-04-23 11:00:00
JV02527,2025-04-19,소모품비,소모품비 04월 정산분,140000.0,김대리,2025-04-20 16:57:00
JV02226,2025-04-19,선급비용,선급비용 04월 정산분,1171000.0,최사원,2025-04-19 12:35:00
JV00010,2025-04-20,여비교통비,여비교통비 04월 정산분,305000.0,이차장,2025-04-20 08:34:00
JV00323,2025-04-20,접대비,접대비 04월 정산분,90000.0,시스템,2025-06-21 01:00:00
JV02211,2025-04-20,매출원가,매출원가 04월 정산분,863000.0,박과장,2025-04-22 11:24:00
JV01555,2025-04-20,광고선전비,광고선전비 04월 정산분,15000.0,이차장,2025-04-24 10:07:00
JV02076,2025-04-20,외주가공비,외주가공비 04월 정산분,28000.0,박과장,2025-04-22 09:27:00
JV00144,2025-04-20,복리후생비,복리후생비 04월 정산분,418000.0,김대리,2025-04-23 17:34:00
JV00427,2025-04-20,지급수수료,지급수수료 04월 정산분,460000.0,이차장,2025-04-20 17:05:00
JV00520,2025-04-20,외주가공비,외주가공비 04월 정산분,577000.0,이차장,2025-04-20 08:30:00
JV02885,2025-04-21,미지급비용,미지급비용 04월 정산분,591000.0,이차장,2025-04-21 10:18:00
JV01214,2025-04-21,접대비,접대비 04월 정산분,245000.0,정부장,2025-04-22 12:54:00
JV02352,2025-04-21,복리후생비,복리후생비 04월 정산분,102000.0,최사원,2025-04-25 12:53:00
JV02345,2025-04-21,복리후생비,복리후생비 04월 정산분,8808000.0,김대리,2025-04-22 15:27:00
JV01660,2025-04-21,여비교통비,여비교통비 04월 정산분,418000.0,이차장,2025-04-25 10:10:00
JV01619,2025-04-21,접대비,접대비 04월 정산분,1390000.0,최사원,2025-04-22 13:08:00
JV02772,2025-04-21,매출원가,매출원가 04월 정산분,1315000.0,김대리,2025-04-21 10:04:00
JV02469,2025-04-21,매출,매출 04월 정산분,3270000.0,정부장,2025-04-23 08:28:00
JV01017,2025-04-21,매출원가,매출원가 04월 정산분,832000.0,이차장,2025-04-23 11:52:00
JV00431,2025-04-21,외주가공비,외주가공비 04월 정산분,3509000.0,최사원,2025-04-22 15:51:00
JV00022,2025-04-21,여비교통비,여비교통비 04월 정산분,510000.0,이차장,2025-06-28 03:00:00
JV00790,2025-04-21,복리후생비,복리후생비 04월 정산분,770000.0,이차장,2025-04-25 15:12:00
JV00387,2025-04-22,매출,매출 04월 정산분,1405000.0,이차장,2025-04-22 16:20:00
JV01677,2025-04-22,선급비용,선급비용 04월 정산분,687000.0,이차장,2025-04-23 13:32:00
JV02182,2025-04-22,매출원가,매출원가 04월 정산분,294000.0,김대리,2025-04-26 09:33:00
JV02173,2025-04-22,소모품비,소모품비 04월 정산분,2592000.0,박과장,2025-04-22 10:37:00
JV01318,2025-04-22,복리후생비,복리후생비 04월 정산분,132000.0,이차장,2025-04-26 12:42:00
JV00501,2025-04-22,매출원가,매출원가 04월 정산분,97000.0,박과장,2025-04-25 15:07:00
JV00538,2025-04-22,매출원가,매출원가 04월 정산분,83000.0,최사원,2025-04-24 10:30:00
JV01060,2025-04-22,복리후생비,복리후생비 04월 정산분,391000.0,박과장,2025-04-25 11:27:00
JV02884,2025-04-22,지급수수료,지급수수료 04월 정산분,245000.0,박과장,2025-04-24 12:06:00
JV00338,2025-04-22,접대비,접대비 04월 정산분,5482000.0,박과장,2025-04-23 14:11:00
JV00437,2025-04-22,복리후생비,복리후생비 04월 정산분,311000.0,박과장,2025-04-26 10:02:00
JV01817,2025-04-22,접대비,접대비 04월 정산분,266000.0,이차장,2025-04-24 12:41:00
JV02056,2025-04-23,소모품비,소모품비 04월 정산분,1214000.0,이차장,2025-04-25 17:25:00
JV02882,2025-04-23,광고선전비,광고선전비 04월 정산분,467000.0,최사원,2025-04-26 17:50:00
JV00229,2025-04-23,매출,매출 04월 정산분,148000.0,이차장,2025-04-26 16:34:00
JV00551,2025-04-23,외주가공비,외주가공비 04월 정산분,137000.0,박과장,2025-04-27 11:36:00
JV02561,2025-04-24,소모품비,소모품비 04월 정산분,160000.0,박과장,2025-04-25 17:51:00
JV00987,2025-04-24,소모품비,소모품비 04월 정산분,8053000.0,김대리,2025-04-25 16:21:00
JV00396,2025-04-24,복리후생비,복리후생비 04월 정산분,576000.0,박과장,2025-04-24 14:57:00
JV01492,2025-04-24,매출,매출 04월 정산분,14143000.0,김대리,2025-04-27 11:58:00
JV01703,2025-04-24,미지급비용,미지급비용 04월 정산분,462000.0,최사원,2025-04-24 15:38:00
JV00261,2025-04-24,미지급비용,미지급비용 04월 정산분,1807000.0,박과장,2025-04-28 13:35:00
JV00307,2025-04-24,매출,매출 04월 정산분,3707000.0,정부장,2025-04-24 15:11:00
JV00601,2025-04-24,접대비,접대비 04월 정산분,779000.0,이차장,2025-04-25 13:56:00
JV00684,2025-04-24,광고선전비,광고선전비 04월 정산분,1328000.0,정부장,2025-04-27 17:24:00
JV01667,2025-04-24,접대비,접대비 04월 정산분,2482000.0,김대리,2025-04-24 13:13:00
JV01913,2025-04-24,접대비,접대비 04월 정산분,226000.0,최사원,2025-04-25 18:55:00
JV02063,2025-04-24,미지급비용,미지급비용 04월 정산분,59000.0,박과장,2025-04-25 18:11:00
JV01546,2025-04-24,외주가공비,외주가공비 04월 정산분,80000.0,이차장,2025-04-24 11:01:00
JV01844,2025-04-24,매출,매출 04월 정산분,46000.0,박과장,2025-04-26 13:57:00
JV01274,2025-04-25,복리후생비,복리후생비 04월 정산분,705000.0,이차장,2025-04-25 16:57:00
JV00996,2025-04-25,매출원가,매출원가 04월 정산분,191000.0,김대리,2025-04-29 16:34:00
JV01253,2025-04-25,소모품비,소모품비 04월 정산분,3899000.0,정부장,2025-04-29 14:41:00
JV00682,2025-04-25,선급비용,선급비용 04월 정산분,1648000.0,정부장,2025-04-28 09:41:00
JV02707,2025-04-25,매출,매출 04월 정산분,171000.0,박과장,2025-04-27 17:11:00
JV00465,2025-04-25,외주가공비,외주가공비 04월 정산분,9900000.0,이차장,2025-04-28 10:36:00
JV00432,2025-04-25,접대비,접대비 04월 정산분,795000.0,이차장,2025-04-27 16:14:00
JV01429,2025-04-26,매출원가,매출원가 04월 정산분,5694000.0,박과장,2025-04-26 18:19:00
JV02982,2025-04-26,지급수수료,지급수수료 04월 정산분,17353000.0,박과장,2025-04-26 08:47:00
JV01168,2025-04-26,미지급비용,미지급비용 04월 정산분,71000.0,박과장,2025-04-28 17:06:00
JV02154,2025-04-26,매출,매출 04월 정산분,186000.0,김대리,2025-04-26 12:56:00
JV00985,2025-04-26,여비교통비,여비교통비 04월 정산분,2422000.0,김대리,2025-04-28 10:24:00
JV02675,2025-04-26,지급수수료,지급수수료 04월 정산분,350000.0,박과장,2025-06-14 02:00:00
JV01020,2025-04-26,선급비용,선급비용 04월 정산분,3027000.0,김대리,2025-04-27 10:00:00
JV00764,2025-04-26,여비교통비,여비교통비 04월 정산분,38000.0,정부장,2025-04-26 11:12:00
JV01862,2025-04-26,지급수수료,지급수수료 04월 정산분,137000.0,박과장,2025-04-27 10:27:00
JV01382,2025-04-27,미지급비용,미지급비용 04월 정산분,1104000.0,이차장,2025-04-29 12:36:00
JV02092,2025-04-27,복리후생비,복리후생비 04월 정산분,879000.0,김대리,2025-04-29 16:45:00
JV02394,2025-04-27,복리후생비,복리후생비 04월 정산분,1281000.0,정부장,2025-05-01 17:08:00
JV01768,2025-04-27,소모품비,소모품비 04월 정산분,907000.0,이차장,2025-04-28 12:15:00
JV02722,2025-04-27,외주가공비,외주가공비 04월 정산분,711000.0,최사원,2025-05-01 18:52:00
JV01893,2025-04-27,매출원가,매출원가 04월 정산분,1217000.0,김대리,2025-04-27 12:25:00
JV01835,2025-04-27,여비교통비,여비교통비 04월 정산분,368000.0,박과장,2025-04-30 15:59:00
JV00424,2025-04-27,선급비용,선급비용 04월 정산분,5474000.0,정부장,2025-05-01 17:09:00
JV01666,2025-04-28,매출원가,매출원가 04월 정산분,537000.0,박과장,2025-04-28 17:15:00
JV00190,2025-04-28,지급수수료,지급수수료 04월 정산분,26000.0,김대리,2025-04-29 14:21:00
JV02107,2025-04-28,매출원가,매출원가 04월 정산분,1381000.0,김대리,2025-04-28 14:04:00
JV02622,2025-04-28,외주가공비,외주가공비 04월 정산분,1174000.0,김대리,2025-04-29 12:07:00
JV02083,2025-04-28,매출,매출 04월 정산분,610000.0,박과장,2025-06-07 03:00:00
JV02666,2025-04-28,접대비,접대비 04월 정산분,459000.0,김대리,2025-06-28 01:00:00
JV00609,2025-04-28,복리후생비,복리후생비 04월 정산분,1624000.0,시스템,2025-05-02 18:41:00
JV01076,2025-04-28,지급수수료,지급수수료 04월 정산분,1306000.0,최사원,2025-05-01 11:15:00
JV00971,2025-04-28,매출원가,매출원가 04월 정산분,3348000.0,정부장,2025-04-30 08:17:00
JV00883,2025-04-29,잡비,잡비 04월 정산분,404000.0,김대리,2025-04-30 13:34:00
JV02264,2025-04-29,선급비용,선급비용 04월 정산분,730000.0,정부장,2025-05-01 08:55:00
JV01299,2025-04-29,지급수수료,지급수수료 04월 정산분,11113000.0,박과장,2025-05-03 18:28:00
JV01400,2025-04-29,소모품비,소모품비 04월 정산분,1834000.0,박과장,2025-04-30 14:10:00
JV02464,2025-04-30,광고선전비,광고선전비 04월 정산분,45000.0,이차장,2025-04-30 17:21:00
JV02669,2025-04-30,복리후생비,복리후생비 04월 정산분,1110000.0,시스템,2025-05-02 11:46:00
JV01730,2025-04-30,여비교통비,여비교통비 04월 정산분,3927000.0,박과장,2025-04-30 18:53:00
JV02602,2025-04-30,선급비용,선급비용 04월 정산분,150000.0,이차장,2025-05-02 14:46:00
JV02836,2025-04-30,외주가공비,외주가공비 04월 정산분,399000.0,최사원,2025-05-04 18:22:00
JV00791,2025-04-30,외주가공비,외주가공비 04월 정산분,479000.0,김대리,2025-05-02 16:41:00
JV01169,2025-05-01,미지급비용,미지급비용 05월 정산분,33054000.0,이차장,2025-05-01 18:28:00
JV02190,2025-05-01,여비교통비,여비교통비 05월 정산분,712000.0,최사원,2025-05-02 17:07:00
JV02681,2025-05-01,매출원가,매출원가 05월 정산분,710000.0,정부장,2025-05-03 15:10:00
JV01151,2025-05-01,미지급비용,미지급비용 05월 정산분,695000.0,김대리,2025-05-04 14:01:00
JV00510,2025-05-01,접대비,접대비 05월 정산분,191000.0,박과장,2025-05-05 14:30:00
JV01925,2025-05-01,매출원가,매출원가 05월 정산분,32000.0,박과장,2025-05-03 15:36:00
JV01530,2025-05-01,지급수수료,지급수수료 05월 정산분,53000.0,이차장,2025-05-03 14:12:00
JV00802,2025-05-01,여비교통비,여비교통비 05월 정산분,130000.0,김대리,2025-05-05 17:04:00
JV01742,2025-05-02,소모품비,소모품비 05월 정산분,1664000.0,박과장,2025-05-05 18:30:00
JV00563,2025-05-02,여비교통비,여비교통비 05월 정산분,118000.0,박과장,2025-05-03 12:34:00
JV01962,2025-05-02,선급비용,선급비용 05월 정산분,7605000.0,최사원,2025-05-05 18:30:00
JV02619,2025-05-02,접대비,접대비 05월 정산분,647000.0,최사원,2025-05-05 10:50:00
JV01580,2025-05-02,미지급비용,미지급비용 05월 정산분,1415000.0,최사원,2025-05-02 09:06:00
JV00314,2025-05-02,지급수수료,지급수수료 05월 정산분,289000.0,김대리,2025-05-02 18:32:00
JV01788,2025-05-02,외주가공비,외주가공비 05월 정산분,335000.0,박과장,2025-05-04 12:48:00
JV01460,2025-05-02,여비교통비,여비교통비 05월 정산분,2694000.0,박과장,2025-05-05 13:28:00
JV02888,2025-05-03,선급비용,선급비용 05월 정산분,2723000.0,박과장,2025-05-06 16:21:00
JV01786,2025-05-03,선급비용,선급비용 05월 정산분,6382000.0,이차장,2025-05-03 17:07:00
JV00836,2025-05-03,매출원가,매출원가 05월 정산분,377000.0,김대리,2025-05-06 18:13:00
JV00983,2025-05-03,외주가공비,외주가공비 05월 정산분,53000.0,김대리,2025-05-04 08:14:00
JV01190,2025-05-03,잡비,잡비 05월 정산분,2019000.0,정부장,2025-05-04 14:52:00
JV01206,2025-05-03,잡비,잡비 05월 정산분,74195000.0,박과장,2025-05-06 16:11:00
JV01728,2025-05-03,복리후생비,복리후생비 05월 정산분,234000.0,박과장,2025-05-06 08:48:00
JV00645,2025-05-04,매출,매출 05월 정산분,470000.0,김대리,2025-05-06 15:51:00
JV02834,2025-05-04,선급비용,선급비용 05월 정산분,1955000.0,박과장,2025-05-07 18:36:00
JV00765,2025-05-04,복리후생비,복리후생비 05월 정산분,520000.0,시스템,2025-05-04 11:39:00
JV00928,2025-05-04,여비교통비,여비교통비 05월 정산분,160000.0,김대리,2025-05-04 14:31:00
JV00422,2025-05-04,지급수수료,지급수수료 05월 정산분,984000.0,박과장,2025-05-08 08:43:00
JV00789,2025-05-04,매출,매출 05월 정산분,209000.0,최사원,2025-05-07 18:45:00
JV02932,2025-05-04,소모품비,소모품비 05월 정산분,1379000.0,김대리,2025-05-07 14:19:00
JV00743,2025-05-04,복리후생비,복리후생비 05월 정산분,38000.0,이차장,2025-05-04 17:10:00
JV02727,2025-05-04,소모품비,소모품비 05월 정산분,61000.0,김대리,2025-05-06 17:27:00
JV02310,2025-05-04,외주가공비,외주가공비 05월 정산분,2808000.0,정부장,2025-05-05 16:20:00
JV00619,2025-05-05,외주가공비,외주가공비 05월 정산분,281000.0,최사원,2025-05-06 12:37:00
JV00615,2025-05-05,외주가공비,외주가공비 05월 정산분,422000.0,최사원,2025-05-08 13:07:00
JV02421,2025-05-05,여비교통비,여비교통비 05월 정산분,10371000.0,정부장,2025-05-08 15:50:00
JV00266,2025-05-05,매출원가,매출원가 05월 정산분,463000.0,최사원,2025-05-08 09:56:00
JV02335,2025-05-05,여비교통비,여비교통비 05월 정산분,6567000.0,김대리,2025-05-09 16:58:00
JV00039,2025-05-05,매출,매출 05월 정산분,38197000.0,김대리,2025-05-06 14:54:00
JV00023,2025-05-05,미지급비용,미지급비용 05월 정산분,183000.0,최사원,2025-05-08 16:51:00
JV00212,2025-05-06,접대비,접대비 05월 정산분,49000.0,정부장,2025-05-09 10:56:00
JV01092,2025-05-06,접대비,접대비 05월 정산분,340000.0,김대리,2025-05-07 13:34:00
JV00961,2025-05-06,광고선전비,광고선전비 05월 정산분,610000.0,최사원,2025-05-08 18:46:00
JV02017,2025-05-06,선급비용,선급비용 05월 정산분,272000.0,박과장,2025-05-10 09:07:00
JV02574,2025-05-06,소모품비,소모품비 05월 정산분,1233000.0,박과장,2025-05-07 13:13:00
JV00515,2025-05-06,미지급비용,미지급비용 05월 정산분,1925000.0,정부장,2025-05-08 09:51:00
JV01567,2025-05-06,지급수수료,지급수수료 05월 정산분,1775000.0,이차장,2025-05-06 11:28:00
JV01057,2025-05-07,외주가공비,외주가공비 05월 정산분,9990000.0,이차장,2025-05-08 12:36:00
JV02524,2025-05-07,매출,매출 05월 정산분,5389000.0,김대리,2025-05-09 18:36:00
JV00260,2025-05-07,지급수수료,지급수수료 05월 정산분,19000.0,김대리,2025-05-10 16:43:00
JV00471,2025-05-07,매출원가,매출원가 05월 정산분,1459000.0,최사원,2025-05-09 14:41:00
JV02682,2025-05-07,여비교통비,여비교통비 05월 정산분,78000.0,이차장,2025-05-11 16:58:00
JV01690,2025-05-08,소모품비,소모품비 05월 정산분,2415000.0,최사원,2025-05-11 17:08:00
JV02910,2025-05-08,잡비,잡비 05월 정산분,3590000.0,박과장,2025-05-10 12:05:00
JV02997,2025-05-08,지급수수료,지급수수료 05월 정산분,1853000.0,최사원,2025-05-11 08:11:00
JV90011,2025-05-08,복리후생비,복리후생비 05월 정산분,2247000.0,김대리,2025-05-08 08:27:00
JV01259,2025-05-08,지급수수료,지급수수료 05월 정산분,7481000.0,최사원,2025-05-10 13:02:00
JV01353,2025-05-08,복리후생비,복리후생비 05월 정산분,2247000.0,김대리,2025-05-08 08:27:00
JV01976,2025-05-08,복리후생비,복리후생비 05월 정산분,5676000.0,최사원,2025-05-10 17:31:00
JV00970,2025-05-09,외주가공비,외주가공비 05월 정산분,8006000.0,김대리,2025-05-12 10:31:00
JV02849,2025-05-09,매출원가,매출원가 05월 정산분,1852000.0,김대리,2025-05-09 18:54:00
JV02876,2025-05-09,복리후생비,복리후생비 05월 정산분,75000.0,김대리,2025-05-13 16:45:00
JV02704,2025-05-10,복리후생비,복리후생비 05월 정산분,662000.0,이차장,2025-05-12 08:44:00
JV01845,2025-05-10,외주가공비,외주가공비 05월 정산분,642000.0,박과장,2025-05-14 12:18:00
JV02725,2025-05-10,소모품비,소모품비 05월 정산분,162000.0,정부장,2025-05-10 18:56:00
JV01482,2025-05-10,외주가공비,외주가공비 05월 정산분,216000.0,김대리,2025-05-14 13:44:00
JV00218,2025-05-10,접대비,접대비 05월 정산분,27000.0,박과장,2025-05-11 18:36:00
JV02217,2025-05-11,지급수수료,지급수수료 05월 정산분,105000.0,최사원,2025-05-15 08:54:00
JV01522,2025-05-11,지급수수료,지급수수료 05월 정산분,104000.0,김대리,2025-05-13 17:43:00
JV01157,2025-05-11,접대비,접대비 05월 정산분,1011000.0,최사원,2025-05-12 15:58:00
JV02438,2025-05-11,소모품비,소모품비 05월 정산분,2877000.0,최사원,2025-05-15 18:57:00
JV01229,2025-05-11,매출원가,매출원가 05월 정산분,115000.0,정부장,2025-05-14 13:38:00
JV00131,2025-05-11,광고선전비,광고선전비 05월 정산분,52000.0,이차장,2025-05-15 10:07:00
JV01333,2025-05-11,소모품비,소모품비 05월 정산분,202000.0,최사원,2025-05-14 17:14:00
JV01887,2025-05-12,복리후생비,복리후생비 05월 정산분,109000.0,김대리,2025-05-16 12:44:00
JV01109,2025-05-12,광고선전비,광고선전비 05월 정산분,2962000.0,김대리,2025-05-16 14:16:00
JV01847,2025-05-12,접대비,접대비 05월 정산분,582000.0,이차장,2025-05-14 17:18:00
JV00102,2025-05-12,복리후생비,복리후생비 05월 정산분,12979000.0,박과장,2025-05-16 13:08:00
JV02580,2025-05-12,지급수수료,지급수수료 05월 정산분,983000.0,김대리,2025-05-16 10:58:00
JV00256,2025-05-13,매출,매출 05월 정산분,565000.0,정부장,2025-05-14 11:25:00
JV02644,2025-05-13,미지급비용,미지급비용 05월 정산분,6967000.0,최사원,2025-05-14 13:06:00
JV02716,2025-05-13,여비교통비,여비교통비 05월 정산분,1846000.0,박과장,2025-05-16 18:28:00
JV02462,2025-05-13,접대비,접대비 05월 정산분,91000.0,이차장,2025-05-16 13:55:00
JV02276,2025-05-13,매출,매출 05월 정산분,64000.0,박과장,2025-05-13 11:23:00
JV00461,2025-05-13,접대비,접대비 05월 정산분,4338000.0,최사원,2025-05-16 11:24:00
JV00635,2025-05-13,매출,매출 05월 정산분,423000.0,박과장,2025-05-17 16:47:00
JV02730,2025-05-13,접대비,접대비 05월 정산분,1243000.0,이차장,2025-05-14 12:44:00
JV01039,2025-05-13,매출원가,매출원가 05월 정산분,136000.0,김대리,2025-05-13 14:39:00
JV02791,2025-05-14,지급수수료,지급수수료 05월 정산분,995000.0,김대리,2025-05-15 15:27:00
JV02477,2025-05-14,매출,매출 05월 정산분,683000.0,정부장,2025-05-18 16:25:00
JV00907,2025-05-14,여비교통비,여비교통비 05월 정산분,855000.0,김대리,2025-05-17 13:59:00
JV02659,2025-05-14,매출원가,매출원가 05월 정산분,1258000.0,최사원,2025-05-17 10:17:00
JV02556,2025-05-14,미지급비용,미지급비용 05월 정산분,2518000.0,김대리,2025-05-14 14:54:00
JV02743,2025-05-14,매출,매출 05월 정산분,55000.0,최사원,2025-05-17 09:40:00
JV02737,2025-05-15,잡비,잡비 05월 정산분,389000.0,박과장,2025-05-19 12:07:00
JV00074,2025-05-15,매출,매출 05월 정산분,347000.0,박과장,2025-05-17 17:48:00
JV02842,2025-05-15,외주가공비,외주가공비 05월 정산분,348000.0,김대리,2025-05-18 15:14:00
JV02441,2025-05-15,접대비,접대비 05월 정산분,236000.0,이차장,2025-05-15 15:52:00
JV01277,2025-05-15,접대비,접대비 05월 정산분,114000.0,김대리,2025-05-16 09:33:00
JV01366,2025-05-15,매출원가,매출원가 05월 정산분,478000.0,김대리,2025-05-18 12:13:00
JV02043,2025-05-15,접대비,접대비 05월 정산분,1602000.0,박과장,2025-05-17 15:21:00
JV02180,2025-05-15,여비교통비,여비교통비 05월 정산분,431000.0,정부장,2025-05-16 17:33:00
JV02196,2025-05-16,매출원가,매출원가 05월 정산분,433000.0,최사원,2025-05-20 14:37:00
JV00564,2025-05-16,잡비,잡비 05월 정산분,86000.0,이차장,2025-05-20 13:25:00
JV01607,2025-05-16,매출,매출 05월 정산분,1084000.0,김대리,2025-05-17 18:35:00
JV00196,2025-05-16,여비교통비,여비교통비 05월 정산분,1215000.0,박과장,2025-05-16 13:40:00
JV01434,2025-05-16,미지급비용,미지급비용 05월 정산분,172000.0,이차장,2025-05-16 13:27:00
JV00502,2025-05-16,광고선전비,광고선전비 05월 정산분,107000.0,박과장,2025-05-16 12:50:00
JV02766,2025-05-16,여비교통비,여비교통비 05월 정산분,35000.0,김대리,2025-05-18 10:42:00
JV00974,2025-05-16,소모품비,소모품비 05월 정산분,863000.0,이차장,2025-05-18 08:37:00
JV01014,2025-05-17,지급수수료,지급수수료 05월 정산분,325000.0,김대리,2025-05-21 13:36:00
JV02385,2025-05-17,복리후생비,복리후생비 05월 정산분,3606000.0,김대리,2025-05-20 08:01:00
JV01651,2025-05-17,광고선전비,광고선전비 05월 정산분,16962000.0,박과장,2025-05-21 13:23:00
JV01630,2025-05-17,소모품비,소모품비 05월 정산분,813000.0,정부장,2025-05-20 18:56:00
JV01821,2025-05-17,외주가공비,외주가공비 05월 정산분,994000.0,최사원,2025-05-21 12:44:00
JV01664,2025-05-17,미지급비용,미지급비용 05월 정산분,27086000.0,김대리,2025-05-20 11:59:00
JV00649,2025-05-17,선급비용,선급비용 05월 정산분,2923000.0,최사원,2025-05-21 17:26:00
JV00289,2025-05-17,외주가공비,외주가공비 05월 정산분,20163000.0,최사원,2025-05-20 09:55:00
JV01624,2025-05-17,선급비용,선급비용 05월 정산분,11801000.0,최사원,2025-05-19 09:37:00
JV01177,2025-05-18,복리후생비,복리후생비 05월 정산분,82000.0,이차장,2025-05-21 17:22:00
JV00500,2025-05-18,여비교통비,여비교통비 05월 정산분,692000.0,김대리,2025-05-20 12:38:00
JV00411,2025-05-18,여비교통비,여비교통비 05월 정산분,1632000.0,김대리,2025-05-19 14:15:00
JV00169,2025-05-18,광고선전비,광고선전비 05월 정산분,308000.0,박과장,2025-05-21 18:15:00
JV02599,2025-05-18,매출원가,매출원가 05월 정산분,410000.0,박과장,2025-05-22 18:37:00
JV00337,2025-05-18,매출원가,매출원가 05월 정산분,891000.0,박과장,2025-05-22 15:38:00
JV00176,2025-05-18,여비교통비,여비교통비 05월 정산분,298000.0,이차장,2025-05-19 18:33:00
JV02007,2025-05-18,매출,매출 05월 정산분,42000.0,박과장,2025-05-22 17:36:00
JV00550,2025-05-18,매출,매출 05월 정산분,47000.0,이차장,2025-05-18 18:41:00
JV01042,2025-05-18,소모품비,소모품비 05월 정산분,392000.0,김대리,2025-05-20 15:57:00
JV01079,2025-05-18,매출,매출 05월 정산분,785000.0,김대리,2025-05-18 14:08:00
JV00933,2025-05-18,복리후생비,복리후생비 05월 정산분,461000.0,김대리,2025-05-20 18:26:00
JV02457,2025-05-18,지급수수료,지급수수료 05월 정산분,189000.0,이차장,2025-05-22 16:18:00
JV00982,2025-05-18,여비교통비,여비교통비 05월 정산분,665000.0,정부장,2025-05-18 15:29:00
JV00116,2025-05-19,선급비용,선급비용 05월 정산분,4321000.0,박과장,2025-05-21 18:37:00
JV01290,2025-05-19,외주가공비,외주가공비 05월 정산분,102000.0,정부장,2025-05-22 13:00:00
JV02687,2025-05-19,광고선전비,광고선전비 05월 정산분,29000.0,김대리,2025-05-22 13:39:00
JV00920,2025-05-19,여비교통비,여비교통비 05월 정산분,1027000.0,김대리,2025-05-21 14:08:00
JV00482,2025-05-19,외주가공비,외주가공비 05월 정산분,518000.0,김대리,2025-05-20 16:16:00
JV01225,2025-05-19,매출원가,매출원가 05월 정산분,76000.0,최사원,2025-05-22 10:12:00
JV00492,2025-05-19,접대비,접대비 05월 정산분,205000.0,최사원,2025-05-21 08:57:00
JV00614,2025-05-19,외주가공비,외주가공비 05월 정산분,163000.0,김대리,2025-05-19 12:05:00
JV00957,2025-05-19,매출원가,매출원가 05월 정산분,206000.0,박과장,2025-05-23 17:27:00
JV00063,2025-05-19,지급수수료,지급수수료 05월 정산분,2061000.0,이차장,2025-05-21 17:45:00
JV02664,2025-05-19,소모품비,소모품비 05월 정산분,71000.0,이차장,2025-05-23 14:38:00
JV02667,2025-05-19,지급수수료,지급수수료 05월 정산분,540000.0,김대리,2025-05-21 12:53:00
JV02487,2025-05-19,미지급비용,미지급비용 05월 정산분,17000.0,이차장,2025-05-21 14:23:00
JV01974,2025-05-19,선급비용,선급비용 05월 정산분,335000.0,김대리,2025-05-21 12:14:00
JV00630,2025-05-20,잡비,잡비 05월 정산분,1607000.0,최사원,2025-05-20 11:26:00
JV00932,2025-05-20,외주가공비,외주가공비 05월 정산분,2003000.0,정부장,2025-05-24 16:51:00
JV00113,2025-05-20,소모품비,소모품비 05월 정산분,2263000.0,이차장,2025-05-20 13:35:00
JV01371,2025-05-20,접대비,접대비 05월 정산분,655000.0,박과장,2025-05-21 15:33:00
JV01934,2025-05-20,외주가공비,외주가공비 05월 정산분,783000.0,박과장,2025-05-22 10:45:00
JV01315,2025-05-20,접대비,접대비 05월 정산분,2169000.0,박과장,2025-05-22 16:54:00
JV00739,2025-05-20,지급수수료,지급수수료 05월 정산분,436000.0,김대리,2025-05-24 08:02:00
JV01101,2025-05-20,지급수수료,지급수수료 05월 정산분,1023000.0,이차장,2025-05-21 08:33:00
JV00813,2025-05-20,선급비용,선급비용 05월 정산분,510000.0,박과장,2025-05-23 12:46:00
JV01191,2025-05-20,외주가공비,외주가공비 05월 정산분,114000.0,정부장,2025-05-22 14:39:00
JV01527,2025-05-20,매출원가,매출원가 05월 정산분,320000.0,김대리,2025-05-23 10:27:00
JV01041,2025-05-20,접대비,접대비 05월 정산분,729000.0,박과장,2025-05-23 18:48:00
JV02678,2025-05-21,광고선전비,광고선전비 05월 정산분,1798000.0,이차장,2025-05-22 16:21:00
JV02302,2025-05-21,매출원가,매출원가 05월 정산분,931000.0,김대리,2025-05-25 15:06:00
JV01733,2025-05-21,소모품비,소모품비 05월 정산분,10504000.0,김대리,2025-05-25 14:32:00
JV02643,2025-05-21,외주가공비,외주가공비 05월 정산분,913000.0,시스템,2025-05-21 09:55:00
JV01069,2025-05-21,외주가공비,외주가공비 05월 정산분,324000.0,정부장,2025-05-22 11:53:00
JV01449,2025-05-21,지급수수료,지급수수료 05월 정산분,741000.0,정부장,2025-05-21 09:38:00
JV02446,2025-05-21,여비교통비,여비교통비 05월 정산분,1214000.0,김대리,2025-05-23 16:06:00
JV00447,2025-05-21,매출,매출 05월 정산분,1071000.0,최사원,2025-05-21 18:29:00
JV02696,2025-05-21,여비교통비,여비교통비 05월 정산분,99000.0,박과장,2025-05-22 12:47:00
JV01638,2025-05-21,미지급비용,미지급비용 05월 정산분,2998000.0,최사원,2025-05-25 09:35:00
JV02143,2025-05-21,복리후생비,복리후생비 05월 정산분,123000.0,이차장,2025-05-25 13:38:00
JV00108,2025-05-22,소모품비,소모품비 05월 정산분,534000.0,최사원,2025-05-25 08:15:00
JV02607,2025-05-22,매출,매출 05월 정산분,31000.0,이차장,2025-05-22 14:09:00
JV00636,2025-05-22,매출원가,매출원가 05월 정산분,741000.0,정부장,2025-05-26 14:04:00
JV00624,2025-05-22,매출원가,매출원가 05월 정산분,24000.0,최사원,2025-05-23 18:54:00
JV01759,2025-05-22,지급수수료,지급수수료 05월 정산분,851000.0,박과장,2025-05-26 16:31:00
JV01183,2025-05-22,매출원가,매출원가 05월 정산분,235000.0,이차장,2025-05-26 16:31:00
JV01296,2025-05-22,복리후생비,복리후생비 05월 정산분,475000.0,박과장,2025-05-24 13:19:00
JV02418,2025-05-22,광고선전비,광고선전비 05월 정산분,316000.0,박과장,2025-05-22 17:43:00
JV02665,2025-05-22,외주가공비,외주가공비 05월 정산분,2438000.0,김대리,2025-05-24 11:41:00
JV02887,2025-05-22,매출,매출 05월 정산분,621000.0,박과장,2025-05-24 13:59:00
JV02305,2025-05-23,지급수수료,지급수수료 05월 정산분,4577000.0,이차장,2025-05-26 09:10:00
JV02112,2025-05-23,광고선전비,광고선전비 05월 정산분,2979000.0,박과장,2025-05-23 15:14:00
JV00944,2025-05-23,외주가공비,외주가공비 05월 정산분,1107000.0,박과장,2025-05-26 14:47:00
JV01545,2025-05-23,매출,매출 05월 정산분,2531000.0,박과장,2025-05-23 12:56:00
JV01585,2025-05-23,외주가공비,외주가공비 05월 정산분,702000.0,김대리,2025-05-24 10:02:00
JV00683,2025-05-23,외주가공비,외주가공비 05월 정산분,1525000.0,김대리,2025-05-24 12:52:00
JV02984,2025-05-23,복리후생비,복리후생비 05월 정산분,290000.0,김대리,2025-05-27 08:29:00
JV01386,2025-05-24,미지급비용,미지급비용 05월 정산분,1072000.0,최사원,2025-05-26 13:11:00
JV02060,2025-05-24,잡비,잡비 05월 정산분,3284000.0,최사원,2025-05-28 13:58:00
JV02860,2025-05-24,여비교통비,여비교통비 05월 정산분,283000.0,정부장,2025-05-25 16:20:00
JV02515,2025-05-24,복리후생비,복리후생비 05월 정산분,22070000.0,최사원,2025-05-27 16:39:00
JV02893,2025-05-24,접대비,접대비 05월 정산분,1027000.0,이차장,2025-05-25 16:20:00
JV01921,2025-05-24,여비교통비,여비교통비 05월 정산분,472000.0,이차장,2025-05-26 13:30:00
JV01345,2025-05-24,소모품비,소모품비 05월 정산분,1662000.0,정부장,2025-05-27 16:29:00
JV02839,2025-05-24,외주가공비,외주가공비 05월 정산분,1105000.0,김대리,2025-05-26 17:56:00
JV00700,2025-05-24,접대비,접대비 05월 정산분,5651000.0,최사원,2025-05-27 13:12:00
JV00797,2025-05-24,소모품비,소모품비 05월 정산분,1750000.0,김대리,2025-05-26 11:38:00
JV02548,2025-05-24,광고선전비,광고선전비 05월 정산분,336000.0,박과장,2025-05-27 17:07:00
JV02281,2025-05-24,소모품비,소모품비 05월 정산분,1534000.0,정부장,2025-05-24 12:06:00
JV00119,2025-05-24,지급수수료,지급수수료 05월 정산분,17575000.0,김대리,2025-05-25 16:48:00
JV00734,2025-05-25,접대비,접대비 05월 정산분,31130000.0,박과장,2025-05-28 17:13:00
JV02774,2025-05-25,미지급비용,미지급비용 05월 정산분,1986000.0,최사원,2025-05-27 14:35:00
JV00916,2025-05-25,매출원가,매출원가 05월 정산분,558000.0,김대리,2025-05-25 17:56:00
JV02889,2025-05-25,지급수수료,지급수수료 05월 정산분,3615000.0,정부장,2025-05-27 12:41:00
JV01063,2025-05-25,복리후생비,복리후생비 05월 정산분,64000.0,김대리,2025-05-28 18:50:00
JV01089,2025-05-25,지급수수료,지급수수료 05월 정산분,415000.0,김대리,2025-05-28 11:09:00
JV00259,2025-05-25,소모품비,소모품비 05월 정산분,756000.0,김대리,2025-05-29 09:53:00
JV01195,2025-05-25,잡비,잡비 05월 정산분,544000.0,김대리,2025-05-26 17:02:00
JV00600,2025-05-25,외주가공비,외주가공비 05월 정산분,49000.0,정부장,2025-05-26 11:20:00
JV02046,2025-05-26,복리후생비,복리후생비 05월 정산분,155000.0,박과장,2025-05-27 18:35:00
JV02388,2025-05-26,미지급비용,미지급비용 05월 정산분,3750000.0,김대리,2025-05-29 12:03:00
JV02425,2025-05-26,광고선전비,광고선전비 05월 정산분,465000.0,최사원,2025-05-26 14:15:00
JV00316,2025-05-26,매출원가,매출원가 05월 정산분,2663000.0,김대리,2025-05-26 18:58:00
JV02853,2025-05-26,매출원가,매출원가 05월 정산분,5727000.0,최사원,2025-06-07 05:00:00
JV01917,2025-05-26,외주가공비,외주가공비 05월 정산분,643000.0,최사원,2025-05-26 18:03:00
JV01873,2025-05-26,광고선전비,광고선전비 05월 정산분,733000.0,박과장,2025-05-28 15:48:00
JV01842,2025-05-27,여비교통비,여비교통비 05월 정산분,1465000.0,박과장,2025-05-30 14:16:00
JV02199,2025-05-27,지급수수료,지급수수료 05월 정산분,62000.0,박과장,2025-05-31 08:35:00
JV00867,2025-05-27,매출,매출 05월 정산분,426000.0,최사원,2025-05-27 13:06:00
JV01625,2025-05-27,지급수수료,지급수수료 05월 정산분,83000.0,박과장,2025-05-29 13:48:00
JV00115,2025-05-27,외주가공비,외주가공비 05월 정산분,1177000.0,이차장,2025-05-27 17:48:00
JV01119,2025-05-27,복리후생비,복리후생비 05월 정산분,1187000.0,최사원,2025-05-27 14:51:00
JV00134,2025-05-27,지급수수료,지급수수료 05월 정산분,772000.0,최사원,2025-05-30 17:28:00
JV02877,2025-05-28,외주가공비,외주가공비 05월 정산분,170000.0,박과장,2025-06-01 17:19:00
JV00591,2025-05-28,매출원가,매출원가 05월 정산분,394000.0,이차장,2025-05-31 09:34:00
JV01228,2025-05-28,복리후생비,복리후생비 05월 정산분,478000.0,김대리,2025-06-01 08:50:00
JV01684,2025-05-28,외주가공비,외주가공비 05월 정산분,79000.0,이차장,2025-05-28 15:24:00
JV02794,2025-05-28,여비교통비,여비교통비 05월 정산분,697000.0,이차장,2025-05-28 16:01:00
JV01536,2025-05-28,잡비,잡비 05월 정산분,203000.0,박과장,2025-05-30 09:35:00
JV01383,2025-05-28,여비교통비,여비교통비 05월 정산분,465000.0,박과장,2025-05-28 14:27:00
JV01430,2025-05-28,접대비,접대비 05월 정산분,6824000.0,이차장,2025-05-28 08:09:00
JV01894,2025-05-29,잡비,잡비 05월 정산분,1052000.0,김대리,2025-05-29 17:44:00
JV02912,2025-05-29,지급수수료,지급수수료 05월 정산분,302000.0,이차장,2025-05-30 09:26:00
JV02312,2025-05-29,지급수수료,지급수수료 05월 정산분,454000.0,이차장,2025-05-31 14:55:00
JV01628,2025-05-29,매출,매출 05월 정산분,1955000.0,최사원,2025-06-02 13:26:00
JV00912,2025-05-29,복리후생비,복리후생비 05월 정산분,365000.0,김대리,2025-05-31 14:59:00
JV01523,2025-05-29,여비교통비,여비교통비 05월 정산분,290000.0,김대리,2025-05-29 16:46:00
JV01138,2025-05-29,광고선전비,광고선전비 05월 정산분,115000.0,박과장,2025-06-02 18:54:00
JV01540,2025-05-29,접대비,접대비 05월 정산분,1926000.0,김대리,2025-06-01 10:29:00
JV00137,2025-05-29,미지급비용,미지급비용 05월 정산분,101000.0,이차장,2025-06-02 16:46:00
JV02366,2025-05-29,지급수수료,지급수수료 05월 정산분,344000.0,최사원,2025-05-29 11:50:00
JV02514,2025-05-30,복리후생비,복리후생비 05월 정산분,405000.0,이차장,2025-05-31 13:46:00
JV02158,2025-05-30,소모품비,소모품비 05월 정산분,90000.0,박과장,2025-06-01 14:28:00
JV02055,2025-05-30,매출,매출 05월 정산분,628000.0,박과장,2025-05-31 14:01:00
JV01437,2025-05-30,외주가공비,외주가공비 05월 정산분,438000.0,정부장,2025-06-01 09:43:00
JV00178,2025-05-30,외주가공비,외주가공비 05월 정산분,515000.0,이차장,2025-06-03 17:40:00
JV00856,2025-05-30,매출원가,매출원가 05월 정산분,2770000.0,최사원,2025-06-03 09:35:00
JV02267,2025-05-30,매출원가,매출원가 05월 정산분,1048000.0,김대리,2025-05-30 15:34:00
JV02554,2025-05-31,여비교통비,여비교통비 05월 정산분,1345000.0,정부장,2025-06-01 17:18:00
JV00227,2025-05-31,외주가공비,외주가공비 05월 정산분,1599000.0,박과장,2025-06-04 13:31:00
JV00290,2025-05-31,미지급비용,미지급비용 05월 정산분,738000.0,김대리,2025-06-02 14:27:00
JV01431,2025-05-31,지급수수료,지급수수료 05월 정산분,2609000.0,최사원,2025-06-04 12:57:00
JV01608,2025-05-31,미지급비용,미지급비용 05월 정산분,259000.0,박과장,2025-06-02 12:22:00
JV00352,2025-05-31,잡비,잡비 05월 정산분,112000.0,김대리,2025-06-03 11:41:00
JV00345,2025-05-31,매출,매출 05월 정산분,11341000.0,최사원,2025-06-03 08:20:00
JV02293,2025-05-31,지급수수료,지급수수료 05월 정산분,8761000.0,최사원,2025-06-04 13:32:00
JV01635,2025-05-31,매출,매출 05월 정산분,2732000.0,박과장,2025-06-01 15:03:00
JV90009,2025-05-31,잡비,잡비 05월 정산분,112000.0,김대리,2025-06-03 11:41:00
JV01905,2025-05-31,매출,매출 05월 정산분,465000.0,정부장,2025-06-01 15:11:00
JV02543,2025-05-31,복리후생비,복리후생비 05월 정산분,412000.0,김대리,2025-06-04 14:37:00
JV02537,2025-05-31,지급수수료,지급수수료 05월 정산분,511000.0,박과장,2025-06-04 13:55:00
JV00201,2025-06-01,매출원가,매출원가 06월 정산분,375000.0,최사원,2025-06-01 16:38:00
JV02167,2025-06-01,외주가공비,외주가공비 06월 정산분,1354000.0,이차장,2025-06-02 15:54:00
JV02132,2025-06-01,소모품비,소모품비 06월 정산분,77000.0,이차장,2025-06-02 11:58:00
JV01907,2025-06-01,선급비용,선급비용 06월 정산분,1267000.0,이차장,2025-06-01 11:04:00
JV00830,2025-06-01,소모품비,소모품비 06월 정산분,279000.0,최사원,2025-06-05 17:29:00
JV00238,2025-06-02,지급수수료,지급수수료 06월 정산분,3106000.0,박과장,2025-06-03 08:20:00
JV02965,2025-06-02,지급수수료,지급수수료 06월 정산분,525000.0,김대리,2025-06-02 18:02:00
JV00839,2025-06-02,잡비,잡비 06월 정산분,858000.0,김대리,2025-06-06 15:46:00
JV02169,2025-06-02,복리후생비,복리후생비 06월 정산분,1425000.0,박과장,2025-06-04 11:14:00
JV02077,2025-06-02,미지급비용,미지급비용 06월 정산분,448000.0,시스템,2025-06-02 17:20:00
JV01140,2025-06-02,접대비,접대비 06월 정산분,3463000.0,김대리,2025-06-03 18:53:00
JV01561,2025-06-02,소모품비,소모품비 06월 정산분,10255000.0,박과장,2025-06-06 18:03:00
JV02779,2025-06-02,접대비,접대비 06월 정산분,2466000.0,김대리,2025-06-03 09:03:00
JV00911,2025-06-02,매출원가,매출원가 06월 정산분,1440000.0,정부장,2025-06-05 10:21:00
JV01313,2025-06-02,소모품비,소모품비 06월 정산분,223000.0,최사원,2025-06-05 15:41:00
JV01209,2025-06-02,복리후생비,복리후생비 06월 정산분,172000.0,박과장,2025-06-05 17:44:00
JV01200,2025-06-03,매출원가,매출원가 06월 정산분,1401000.0,이차장,2025-06-07 13:01:00
JV02990,2025-06-03,매출,매출 06월 정산분,268000.0,시스템,2025-06-05 09:34:00
JV01002,2025-06-03,여비교통비,여비교통비 06월 정산분,593000.0,박과장,2025-06-07 08:20:00
JV02531,2025-06-03,여비교통비,여비교통비 06월 정산분,2035000.0,김대리,2025-06-07 11:37:00
JV00958,2025-06-03,매출,매출 06월 정산분,476000.0,박과장,2025-06-05 14:20:00
JV00616,2025-06-03,선급비용,선급비용 06월 정산분,3196000.0,김대리,2025-06-03 10:17:00
JV01769,2025-06-03,복리후생비,복리후생비 06월 정산분,111000.0,박과장,2025-06-04 12:00:00
JV02844,2025-06-03,소모품비,소모품비 06월 정산분,567000.0,박과장,2025-06-05 08:24:00
JV00921,2025-06-04,지급수수료,지급수수료 06월 정산분,366000.0,김대리,2025-06-08 09:49:00
JV01981,2025-06-04,접대비,접대비 06월 정산분,86000.0,최사원,2025-06-07 10:37:00
JV02130,2025-06-04,복리후생비,복리후생비 06월 정산분,2101000.0,김대리,2025-06-04 12:29:00
JV02036,2025-06-04,여비교통비,여비교통비 06월 정산분,380000.0,최사원,2025-06-05 08:26:00
JV01221,2025-06-04,매출,매출 06월 정산분,3075000.0,박과장,2025-06-07 12:37:00
JV01066,2025-06-04,외주가공비,외주가공비 06월 정산분,303000.0,김대리,2025-06-06 14:44:00
JV01251,2025-06-04,여비교통비,여비교통비 06월 정산분,1824000.0,시스템,2025-06-04 14:41:00
JV00286,2025-06-05,여비교통비,여비교통비 06월 정산분,79000.0,이차장,2025-06-09 11:32:00
JV00705,2025-06-05,접대비,접대비 06월 정산분,121000.0,김대리,2025-06-06 18:22:00
JV02301,2025-06-05,외주가공비,외주가공비 06월 정산분,9990000.0,이차장,2025-06-08 18:10:00
JV00899,2025-06-05,지급수수료,지급수수료 06월 정산분,5789000.0,김대리,2025-06-08 18:47:00
JV01375,2025-06-06,외주가공비,외주가공비 06월 정산분,5372000.0,김대리,2025-06-08 11:51:00
JV01785,2025-06-06,지급수수료,지급수수료 06월 정산분,406000.0,시스템,2025-06-08 16:37:00
JV00296,2025-06-06,외주가공비,외주가공비 06월 정산분,1151000.0,최사원,2025-06-10 12:27:00
JV02787,2025-06-06,여비교통비,여비교통비 06월 정산분,95000.0,최사원,2025-06-06 15:32:00
JV02902,2025-06-06,접대비,접대비 06월 정산분,34000.0,김대리,2025-06-06 17:39:00
JV01922,2025-06-06,선급비용,선급비용 06월 정산분,883000.0,이차장,2025-06-09 09:54:00
JV01537,2025-06-06,매출,매출 06월 정산분,120000.0,김대리,2025-06-10 14:28:00
JV02099,2025-06-06,미지급비용,미지급비용 06월 정산분,1079000.0,이차장,2025-06-06 18:35:00
JV02038,2025-06-06,여비교통비,여비교통비 06월 정산분,23000.0,최사원,2025-06-07 10:07:00
JV00206,2025-06-06,미지급비용,미지급비용 06월 정산분,135000.0,박과장,2025-06-10 16:03:00
JV02108,2025-06-06,복리후생비,복리후생비 06월 정산분,832000.0,정부장,2025-06-09 11:54:00
JV02881,2025-06-07,매출원가,매출원가 06월 정산분,4479000.0,김대리,2025-06-08 11:04:00
JV00966,2025-06-07,외주가공비,외주가공비 06월 정산분,1905000.0,최사원,2025-06-11 17:53:00
JV01640,2025-06-07,접대비,접대비 06월 정산분,639000.0,박과장,2025-06-10 12:36:00
JV01597,2025-06-07,매출원가,매출원가 06월 정산분,1348000.0,최사원,2025-06-08 11:14:00
JV01909,2025-06-07,미지급비용,미지급비용 06월 정산분,472000.0,김대리,2025-06-11 15:53:00
JV02738,2025-06-07,외주가공비,외주가공비 06월 정산분,9900000.0,이차장,2025-06-08 08:38:00
JV01999,2025-06-07,선급비용,선급비용 06월 정산분,9731000.0,박과장,2025-06-08 09:13:00
JV02973,2025-06-08,선급비용,선급비용 06월 정산분,359000.0,이차장,2025-06-12 15:45:00
JV00209,2025-06-08,잡비,잡비 06월 정산분,335000.0,김대리,2025-06-10 16:31:00
JV00653,2025-06-08,선급비용,선급비용 06월 정산분,2075000.0,박과장,2025-06-11 09:53:00
JV00546,2025-06-08,지급수수료,지급수수료 06월 정산분,124000.0,최사원,2025-06-12 09:50:00
JV02053,2025-06-08,매출원가,매출원가 06월 정산분,530000.0,김대리,2025-06-11 08:10:00
JV01884,2025-06-08,외주가공비,외주가공비 06월 정산분,614000.0,최사원,2025-06-08 11:29:00
JV02193,2025-06-08,여비교통비,여비교통비 06월 정산분,8369000.0,이차장,2025-06-09 17:22:00
JV00375,2025-06-08,소모품비,소모품비 06월 정산분,3246000.0,김대리,2025-06-08 14:20:00
JV00435,2025-06-08,매출,매출 06월 정산분,1101000.0,김대리,2025-06-08 18:40:00
JV00621,2025-06-08,접대비,접대비 06월 정산분,101000.0,최사원,2025-06-08 10:37:00
JV00828,2025-06-08,복리후생비,복리후생비 06월 정산분,4885000.0,최사원,2025-06-11 18:13:00
JV01659,2025-06-08,매출원가,매출원가 06월 정산분,713000.0,김대리,2025-06-09 08:27:00
JV01750,2025-06-08,매출원가,매출원가 06월 정산분,579000.0,김대리,2025-06-12 17:21:00
JV01554,2025-06-09,매출원가,매출원가 06월 정산분,5330000.0,박과장,2025-06-12 09:43:00
JV01478,2025-06-09,소모품비,소모품비 06월 정산분,35000.0,박과장,2025-06-10 13:00:00
JV02963,2025-06-09,복리후생비,복리후생비 06월 정산분,8439000.0,김대리,2025-06-12 15:08:00
JV00403,2025-06-09,외주가공비,외주가공비 06월 정산분,16731000.0,정부장,2025-06-09 10:12:00
JV01989,2025-06-09,복리후생비,복리후생비 06월 정산분,195000.0,박과장,2025-06-12 14:42:00
JV02571,2025-06-09,여비교통비,여비교통비 06월 정산분,291000.0,박과장,2025-06-13 08:24:00
JV02521,2025-06-09,미지급비용,미지급비용 06월 정산분,91000.0,박과장,2025-06-14 02:00:00
JV02201,2025-06-09,매출원가,매출원가 06월 정산분,2649000.0,김대리,2025-06-13 10:52:00
JV01096,2025-06-09,지급수수료,지급수수료 06월 정산분,448000.0,이차장,2025-06-13 08:57:00
JV02539,2025-06-09,지급수수료,지급수수료 06월 정산분,665000.0,박과장,2025-06-12 09:21:00
JV01489,2025-06-10,잡비,잡비 06월 정산분,1046000.0,박과장,2025-06-13 13:41:00
JV02986,2025-06-10,복리후생비,복리후생비 06월 정산분,124000.0,박과장,2025-06-14 14:39:00
JV00130,2025-06-10,미지급비용,미지급비용 06월 정산분,336000.0,정부장,2025-06-10 14:00:00
JV01411,2025-06-10,여비교통비,여비교통비 06월 정산분,831000.0,최사원,2025-06-10 15:57:00
JV02566,2025-06-10,매출,매출 06월 정산분,525000.0,최사원,2025-06-14 10:44:00
JV02874,2025-06-10,미지급비용,미지급비용 06월 정산분,198000.0,이차장,2025-06-10 11:13:00
JV00815,2025-06-10,매출,매출 06월 정산분,361000.0,최사원,2025-06-12 15:14:00
JV01867,2025-06-10,매출,매출 06월 정산분,1451000.0,박과장,2025-06-14 09:25:00
JV00121,2025-06-10,매출원가,매출원가 06월 정산분,382000.0,김대리,2025-06-11 15:01:00
JV02300,2025-06-10,접대비,접대비 06월 정산분,122000.0,김대리,2025-06-11 10:35:00
JV00757,2025-06-11,미지급비용,미지급비용 06월 정산분,80000.0,김대리,2025-06-12 08:30:00
JV02311,2025-06-11,복리후생비,복리후생비 06월 정산분,420000.0,박과장,2025-06-15 11:40:00
JV00059,2025-06-11,광고선전비,광고선전비 06월 정산분,576000.0,이차장,2025-06-14 18:27:00
JV02780,2025-06-11,지급수수료,지급수수료 06월 정산분,89000.0,최사원,2025-06-14 17:39:00
JV01850,2025-06-11,외주가공비,외주가공비 06월 정산분,2977000.0,김대리,2025-06-12 09:43:00
JV01102,2025-06-11,매출,매출 06월 정산분,24711000.0,김대리,2025-06-12 10:12:00
JV02584,2025-06-11,미지급비용,미지급비용 06월 정산분,2679000.0,김대리,2025-06-12 10:25:00
JV02565,2025-06-11,매출원가,매출원가 06월 정산분,664000.0,이차장,2025-06-12 08:35:00
JV00028,2025-06-12,지급수수료,지급수수료 06월 정산분,2014000.0,김대리,2025-06-16 14:11:00
JV02533,2025-06-12,여비교통비,여비교통비 06월 정산분,150000.0,이차장,2025-06-16 13:10:00
JV00612,2025-06-12,매출,매출 06월 정산분,3153000.0,박과장,2025-06-14 10:04:00
JV00272,2025-06-12,복리후생비,복리후생비 06월 정산분,229000.0,박과장,2025-06-14 08:30:00
JV00049,2025-06-12,외주가공비,외주가공비 06월 정산분,234000.0,김대리,2025-06-15 08:59:00
JV02905,2025-06-12,소모품비,소모품비 06월 정산분,144000.0,김대리,2025-06-15 12:40:00
JV00123,2025-06-12,외주가공비,외주가공비 06월 정산분,1238000.0,김대리,2025-06-14 15:24:00
JV00664,2025-06-12,여비교통비,여비교통비 06월 정산분,738000.0,최사원,2025-06-13 12:12:00
JV01032,2025-06-12,여비교통비,여비교통비 06월 정산분,175000.0,김대리,2025-06-12 17:56:00
JV01636,2025-06-13,매출원가,매출원가 06월 정산분,1871000.0,이차장,2025-06-16 11:01:00
JV01357,2025-06-13,지급수수료,지급수수료 06월 정산분,56000.0,최사원,2025-06-13 15:56:00
JV00191,2025-06-13,매출원가,매출원가 06월 정산분,2473000.0,김대리,2025-06-15 17:05:00
JV01551,2025-06-13,광고선전비,광고선전비 06월 정산분,570000.0,김대리,2025-06-15 16:21:00
JV02947,2025-06-13,여비교통비,여비교통비 06월 정산분,105000.0,박과장,2025-06-16 17:00:00
JV02634,2025-06-13,미지급비용,미지급비용 06월 정산분,8975000.0,김대리,2025-06-16 08:36:00
JV01216,2025-06-13,소모품비,소모품비 06월 정산분,147000.0,이차장,2025-06-13 12:16:00
JV02275,2025-06-13,외주가공비,외주가공비 06월 정산분,20556000.0,이차장,2025-06-14 09:44:00
JV00972,2025-06-13,복리후생비,복리후생비 06월 정산분,553000.0,정부장,2025-06-16 12:04:00
JV02220,2025-06-13,외주가공비,외주가공비 06월 정산분,5691000.0,김대리,2025-06-14 13:50:00
JV02663,2025-06-13,미지급비용,미지급비용 06월 정산분,5392000.0,박과장,2025-06-13 18:56:00
JV00685,2025-06-13,외주가공비,외주가공비 06월 정산분,6436000.0,박과장,2025-06-15 08:07:00
JV00938,2025-06-13,매출,매출 06월 정산분,634000.0,박과장,2025-06-17 08:36:00
JV01314,2025-06-13,복리후생비,복리후생비 06월 정산분,138000.0,김대리,2025-06-15 15:52:00
JV01135,2025-06-14,복리후생비,복리후생비 06월 정산분,815000.0,정부장,2025-06-16 08:54:00
JV00587,2025-06-14,접대비,접대비 06월 정산분,10673000.0,정부장,2025-06-17 18:08:00
JV02847,2025-06-14,매출원가,매출원가 06월 정산분,347000.0,김대리,2025-06-16 18:41:00
JV01713,2025-06-14,매출원가,매출원가 06월 정산분,184000.0,박과장,2025-06-18 18:53:00
JV01618,2025-06-15,광고선전비,광고선전비 06월 정산분,2965000.0,이차장,2025-06-19 08:56:00
JV00892,2025-06-15,매출원가,매출원가 06월 정산분,270000.0,박과장,2025-06-16 15:35:00
JV00453,2025-06-15,잡비,잡비 06월 정산분,15386000.0,박과장,2025-06-15 11:45:00
JV00874,2025-06-15,지급수수료,지급수수료 06월 정산분,1499000.0,이차장,2025-06-17 10:27:00
JV00553,2025-06-15,매출,매출 06월 정산분,8621000.0,김대리,2025-06-18 08:30:00
JV01828,2025-06-15,접대비,접대비 06월 정산분,362000.0,박과장,2025-06-15 10:43:00
JV01378,2025-06-15,지급수수료,지급수수료 06월 정산분,358000.0,최사원,2025-06-17 14:49:00
JV02431,2025-06-15,소모품비,소모품비 06월 정산분,142000.0,박과장,2025-06-16 15:06:00
JV00837,2025-06-15,매출원가,매출원가 06월 정산분,209000.0,김대리,2025-06-18 12:27:00
JV02255,2025-06-15,광고선전비,광고선전비 06월 정산분,1423000.0,김대리,2025-06-16 12:10:00
JV01331,2025-06-15,접대비,접대비 06월 정산분,2909000.0,박과장,2025-06-18 09:20:00
JV02921,2025-06-15,매출원가,매출원가 06월 정산분,79000.0,시스템,2025-06-16 17:11:00
JV00669,2025-06-15,미지급비용,미지급비용 06월 정산분,150000.0,이차장,2025-06-17 18:38:00
JV01278,2025-06-15,선급비용,선급비용 06월 정산분,321000.0,이차장,2025-06-17 10:53:00
JV00688,2025-06-16,광고선전비,광고선전비 06월 정산분,1537000.0,최사원,2025-06-17 15:23:00
JV01502,2025-06-16,복리후생비,복리후생비 06월 정산분,2789000.0,시스템,2025-06-16 16:30:00
JV02954,2025-06-16,접대비,접대비 06월 정산분,6232000.0,최사원,2025-06-18 17:13:00
JV00512,2025-06-16,복리후생비,복리후생비 06월 정산분,1750000.0,이차장,2025-06-18 10:51:00
JV00335,2025-06-16,지급수수료,지급수수료 06월 정산분,182000.0,이차장,2025-06-17 09:09:00
JV00395,2025-06-16,소모품비,소모품비 06월 정산분,2894000.0,김대리,2025-06-16 13:55:00
JV00486,2025-06-16,외주가공비,외주가공비 06월 정산분,1613000.0,시스템,2025-06-18 16:54:00
JV02347,2025-06-16,매출원가,매출원가 06월 정산분,397000.0,최사원,2025-06-20 16:44:00
JV02240,2025-06-17,접대비,접대비 06월 정산분,2114000.0,김대리,2025-06-21 14:14:00
JV02686,2025-06-17,매출원가,매출원가 06월 정산분,3543000.0,김대리,2025-06-18 16:13:00
JV01126,2025-06-17,복리후생비,복리후생비 06월 정산분,63000.0,박과장,2025-06-17 18:30:00
JV02538,2025-06-17,매출원가,매출원가 06월 정산분,74000.0,최사원,2025-06-18 09:14:00
JV01413,2025-06-17,외주가공비,외주가공비 06월 정산분,9800000.0,이차장,2025-06-17 15:41:00
JV01012,2025-06-17,매출,매출 06월 정산분,674000.0,박과장,2025-06-17 13:39:00
JV01594,2025-06-17,접대비,접대비 06월 정산분,14924000.0,최사원,2025-06-19 12:07:00
JV02802,2025-06-18,지급수수료,지급수수료 06월 정산분,687000.0,박과장,2025-06-19 12:49:00
JV02292,2025-06-18,지급수수료,지급수수료 06월 정산분,83000.0,정부장,2025-06-19 13:03:00
JV02961,2025-06-18,매출원가,매출원가 06월 정산분,1129000.0,이차장,2025-06-21 17:13:00
JV00821,2025-06-18,복리후생비,복리후생비 06월 정산분,354000.0,김대리,2025-06-18 13:19:00
JV02845,2025-06-18,소모품비,소모품비 06월 정산분,511000.0,김대리,2025-06-21 08:57:00
JV02823,2025-06-18,매출,매출 06월 정산분,117000.0,김대리,2025-06-22 09:20:00
JV02940,2025-06-18,미지급비용,미지급비용 06월 정산분,1330000.0,최사원,2025-06-21 13:18:00
JV01950,2025-06-19,접대비,접대비 06월 정산분,5933000.0,박과장,2025-06-22 12:40:00
JV02048,2025-06-19,지급수수료,지급수수료 06월 정산분,68000.0,김대리,2025-06-21 10:08:00
JV02059,2025-06-19,지급수수료,지급수수료 06월 정산분,4271000.0,정부장,2025-06-21 17:29:00
JV02790,2025-06-19,접대비,접대비 06월 정산분,163000.0,김대리,2025-06-19 17:22:00
JV00772,2025-06-19,복리후생비,복리후생비 06월 정산분,196000.0,이차장,2025-06-22 15:18:00
JV02640,2025-06-19,접대비,접대비 06월 정산분,133000.0,박과장,2025-06-20 16:11:00
JV01520,2025-06-19,접대비,접대비 06월 정산분,420000.0,최사원,2025-06-21 09:32:00
JV00902,2025-06-20,선급비용,선급비용 06월 정산분,82000.0,박과장,2025-06-22 17:56:00
JV00922,2025-06-20,접대비,접대비 06월 정산분,71000.0,박과장,2025-06-23 13:07:00
JV02552,2025-06-20,복리후생비,복리후생비 06월 정산분,63000.0,최사원,2025-06-20 08:06:00
JV00467,2025-06-20,잡비,잡비 06월 정산분,391000.0,김대리,2025-06-23 13:16:00
JV00342,2025-06-20,매출원가,매출원가 06월 정산분,3553000.0,김대리,2025-06-24 14:32:00
JV00041,2025-06-20,선급비용,선급비용 06월 정산분,3853000.0,김대리,2025-06-22 13:24:00
JV01005,2025-06-20,접대비,접대비 06월 정산분,204000.0,박과장,2025-06-23 15:29:00
JV00415,2025-06-20,여비교통비,여비교통비 06월 정산분,445000.0,이차장,2025-06-24 11:50:00
JV00186,2025-06-20,접대비,접대비 06월 정산분,76000.0,이차장,2025-06-23 13:35:00
JV00054,2025-06-20,매출원가,매출원가 06월 정산분,75000.0,박과장,2025-06-07 05:00:00
JV01330,2025-06-20,매출원가,매출원가 06월 정산분,2428000.0,박과장,2025-06-21 17:51:00
JV00020,2025-06-20,소모품비,소모품비 06월 정산분,2337000.0,김대리,2025-06-24 15:52:00
JV02101,2025-06-20,광고선전비,광고선전비 06월 정산분,1901000.0,최사원,2025-06-23 15:45:00
JV00854,2025-06-21,복리후생비,복리후생비 06월 정산분,3923000.0,김대리,2025-06-25 17:03:00
JV02320,2025-06-21,잡비,잡비 06월 정산분,53000.0,최사원,2025-06-23 13:05:00
JV02359,2025-06-21,매출,매출 06월 정산분,939000.0,김대리,2025-06-22 10:10:00
JV01464,2025-06-21,미지급비용,미지급비용 06월 정산분,481000.0,김대리,2025-06-21 11:05:00
JV02146,2025-06-21,매출원가,매출원가 06월 정산분,2575000.0,김대리,2025-06-24 10:39:00
JV01634,2025-06-21,여비교통비,여비교통비 06월 정산분,119000.0,이차장,2025-06-23 16:54:00
JV01914,2025-06-21,지급수수료,지급수수료 06월 정산분,1472000.0,김대리,2025-06-23 18:50:00
JV01141,2025-06-21,매출원가,매출원가 06월 정산분,1150000.0,최사원,2025-06-25 16:04:00
JV02111,2025-06-21,복리후생비,복리후생비 06월 정산분,161000.0,박과장,2025-06-24 09:18:00
JV01376,2025-06-21,외주가공비,외주가공비 06월 정산분,900000.0,정부장,2025-06-21 11:48:00
JV00321,2025-06-21,잡비,잡비 06월 정산분,417000.0,박과장,2025-06-24 12:22:00
JV01649,2025-06-21,소모품비,소모품비 06월 정산분,398000.0,이차장,2025-06-23 10:44:00
JV01310,2025-06-21,지급수수료,지급수수료 06월 정산분,713000.0,최사원,2025-06-25 16:58:00
JV01008,2025-06-22,매출원가,매출원가 06월 정산분,274000.0,김대리,2025-06-26 18:36:00
JV90002,2025-06-22,미지급비용,미지급비용 06월 정산분,146000.0,김대리,2025-06-23 10:20:00
JV00093,2025-06-22,접대비,접대비 06월 정산분,1087000.0,박과장,2025-06-25 08:21:00
JV02088,2025-06-22,미지급비용,미지급비용 06월 정산분,146000.0,김대리,2025-06-23 10:20:00
JV00678,2025-06-22,지급수수료,지급수수료 06월 정산분,611000.0,박과장,2025-06-22 11:01:00
JV01564,2025-06-23,복리후생비,복리후생비 06월 정산분,499000.0,김대리,2025-06-23 17:36:00
JV00855,2025-06-23,미지급비용,미지급비용 06월 정산분,645000.0,김대리,2025-06-24 14:34:00
JV01048,2025-06-23,광고선전비,광고선전비 06월 정산분,3824000.0,박과장,2025-06-24 13:30:00
JV02941,2025-06-23,외주가공비,외주가공비 06월 정산분,229000.0,최사원,2025-06-23 11:43:00
JV00617,2025-06-23,광고선전비,광고선전비 06월 정산분,1092000.0,시스템,2025-06-27 11:41:00
JV01122,2025-06-23,지급수수료,지급수수료 06월 정산분,502000.0,이차장,2025-06-23 18:06:00
JV01350,2025-06-23,소모품비,소모품비 06월 정산분,615000.0,박과장,2025-06-27 10:25:00
JV02998,2025-06-24,외주가공비,외주가공비 06월 정산분,63000.0,이차장,2025-06-28 16:17:00
JV02635,2025-06-24,매출,매출 06월 정산분,6457000.0,이차장,2025-06-28 08:14:00
JV02376,2025-06-24,소모품비,소모품비 06월 정산분,519000.0,최사원,2025-06-24 14:29:00
JV90007,2025-06-24,복리후생비,복리후생비 06월 정산분,363000.0,박과장,2025-06-24 14:37:00
JV00189,2025-06-24,소모품비,소모품비 06월 정산분,458000.0,박과장,2025-06-27 10:07:00
JV00029,2025-06-24,복리후생비,복리후생비 06월 정산분,363000.0,박과장,2025-06-24 14:37:00
JV01717,2025-06-24,복리후생비,복리후생비 06월 정산분,1989000.0,이차장,2025-06-26 15:20:00
JV01477,2025-06-24,접대비,접대비 06월 정산분,330000.0,김대리,2025-06-27 11:24:00
JV00332,2025-06-24,지급수수료,지급수수료 06월 정산분,590000.0,정부장,2025-06-24 10:07:00
JV02358,2025-06-25,매출원가,매출원가 06월 정산분,220000.0,김대리,2025-06-25 16:49:00
JV00731,2025-06-25,소모품비,소모품비 06월 정산분,82000.0,김대리,2025-06-28 15:35:00
JV02551,2025-06-25,외주가공비,외주가공비 06월 정산분,56000.0,이차장,2025-06-26 18:32:00
JV00153,2025-06-26,선급비용,선급비용 06월 정산분,1049000.0,박과장,2025-06-26 12:15:00
JV01497,2025-06-26,접대비,접대비 06월 정산분,2811000.0,김대리,2025-06-26 09:04:00
JV02741,2025-06-26,매출,매출 06월 정산분,2885000.0,김대리,2025-06-30 08:53:00
JV02273,2025-06-26,매출원가,매출원가 06월 정산분,667000.0,박과장,2025-06-30 08:48:00
JV01501,2025-06-26,매출원가,매출원가 06월 정산분,1427000.0,최사원,2025-06-28 10:01:00
JV00716,2025-06-26,여비교통비,여비교통비 06월 정산분,58000.0,최사원,2025-06-26 18:42:00
JV01615,2025-06-27,소모품비,소모품비 06월 정산분,14832000.0,최사원,2025-06-30 11:32:00
JV02324,2025-06-27,매출원가,매출원가 06월 정산분,1156000.0,정부장,2025-06-30 15:01:00
JV01472,2025-06-27,여비교통비,여비교통비 06월 정산분,1048000.0,김대리,2025-06-27 15:39:00
JV00245,2025-06-27,선급비용,선급비용 06월 정산분,5716000.0,정부장,2025-06-30 12:21:00
JV00541,2025-06-27,매출,매출 06월 정산분,58000.0,이차장,2025-07-01 11:54:00
JV02729,2025-06-27,소모품비,소모품비 06월 정산분,332000.0,최사원,2025-06-30 15:16:00
JV01080,2025-06-28,매출원가,매출원가 06월 정산분,209000.0,김대리,2025-06-28 18:14:00
JV01098,2025-06-28,미지급비용,미지급비용 06월 정산분,619000.0,시스템,2025-06-30 09:46:00
JV02950,2025-06-28,외주가공비,외주가공비 06월 정산분,558000.0,이차장,2025-07-02 11:55:00
JV00075,2025-06-28,외주가공비,외주가공비 06월 정산분,788000.0,정부장,2025-06-28 12:09:00
JV02361,2025-06-28,여비교통비,여비교통비 06월 정산분,307000.0,김대리,2025-06-28 16:53:00
JV02545,2025-06-28,매출원가,매출원가 06월 정산분,76000.0,정부장,2025-07-01 11:29:00
JV01291,2025-06-28,소모품비,소모품비 06월 정산분,125000.0,이차장,2025-07-01 09:59:00
JV01915,2025-06-28,소모품비,소모품비 06월 정산분,802000.0,최사원,2025-06-28 14:33:00
JV01679,2025-06-28,여비교통비,여비교통비 06월 정산분,1508000.0,최사원,2025-06-28 18:45:00
JV01307,2025-06-28,매출,매출 06월 정산분,451000.0,정부장,2025-07-01 17:52:00
JV01363,2025-06-28,지급수수료,지급수수료 06월 정산분,88000.0,김대리,2025-07-02 09:26:00
JV02668,2025-06-28,광고선전비,광고선전비 06월 정산분,669000.0,박과장,2025-06-30 18:51:00
JV01948,2025-06-29,소모품비,소모품비 06월 정산분,261000.0,김대리,2025-07-01 13:41:00
JV02840,2025-06-29,복리후생비,복리후생비 06월 정산분,3250000.0,박과장,2025-07-02 11:26:00
JV01031,2025-06-29,매출,매출 06월 정산분,490000.0,김대리,2025-07-01 14:44:00
JV01591,2025-06-29,여비교통비,여비교통비 06월 정산분,84000.0,이차장,2025-07-02 14:03:00
JV01416,2025-06-29,지급수수료,지급수수료 06월 정산분,1205000.0,김대리,2025-07-03 15:39:00
JV01463,2025-06-29,미지급비용,미지급비용 06월 정산분,960000.0,박과장,2025-07-01 12:59:00
JV00473,2025-06-29,선급비용,선급비용 06월 정산분,36000.0,박과장,2025-07-01 15:07:00
JV01507,2025-06-29,접대비,접대비 06월 정산분,964000.0,박과장,2025-07-02 12:54:00
JV02378,2025-06-29,소모품비,소모품비 06월 정산분,203000.0,박과장,2025-06-30 18:17:00
JV01973,2025-06-30,매출,매출 06월 정산분,376000.0,박과장,2025-07-03 11:59:00
JV02718,2025-06-30,매출원가,매출원가 06월 정산분,24193000.0,박과장,2025-07-02 12:58:00
JV00988,2025-06-30,외주가공비,외주가공비 06월 정산분,10935000.0,정부장,2025-07-04 12:50:00
JV02409,2025-06-30,잡비,잡비 06월 정산분,308000.0,박과장,2025-07-04 15:34:00
JV00949,2025-06-30,매출,매출 06월 정산분,419000.0,최사원,2025-07-01 10:56:00
JV00998,2025-06-30,지급수수료,지급수수료 06월 정산분,569000.0,박과장,2025-06-30 16:30:00
JV01549,2025-06-30,매출,매출 06월 정산분,82000.0,김대리,2025-07-04 11:47:00
JV02558,2025-06-30,지급수수료,지급수수료 06월 정산분,1390000.0,박과장,2025-06-30 10:31:00
JV02964,2025-06-30,매출,매출 06월 정산분,5533000.0,이차장,2025-07-02 16:29:00
JV00145,2025-07-01,여비교통비,여비교통비 07월 정산분,928000.0,박과장,2025-07-04 14:21:00
JV00062,2025-07-01,외주가공비,외주가공비 07월 정산분,50000.0,최사원,2025-07-02 12:25:00
JV01621,2025-07-01,지급수수료,지급수수료 07월 정산분,10000.0,박과장,2025-07-04 13:00:00
JV02172,2025-07-01,잡비,잡비 07월 정산분,3593000.0,박과장,2025-07-04 09:04:00
JV02717,2025-07-01,접대비,접대비 07월 정산분,932000.0,김대리,2025-07-02 12:14:00
JV02969,2025-07-01,외주가공비,외주가공비 07월 정산분,3638000.0,최사원,2025-07-03 12:34:00
JV01465,2025-07-01,외주가공비,외주가공비 07월 정산분,9950000.0,이차장,2025-07-04 13:48:00
JV00443,2025-07-01,소모품비,소모품비 07월 정산분,4846000.0,이차장,2025-07-03 16:36:00
JV02362,2025-07-01,지급수수료,지급수수료 07월 정산분,528000.0,김대리,2025-07-04 18:12:00
JV00758,2025-07-01,지급수수료,지급수수료 07월 정산분,553000.0,최사원,2025-07-04 08:49:00
JV01105,2025-07-01,복리후생비,복리후생비 07월 정산분,4677000.0,최사원,2025-07-01 18:42:00
JV02303,2025-07-02,선급비용,선급비용 07월 정산분,1142000.0,김대리,2025-07-05 18:38:00
JV02692,2025-07-02,외주가공비,외주가공비 07월 정산분,586000.0,시스템,2025-07-03 09:48:00
JV01509,2025-07-02,소모품비,소모품비 07월 정산분,1113000.0,이차장,2025-07-05 16:49:00
JV02857,2025-07-02,지급수수료,지급수수료 07월 정산분,1419000.0,이차장,2025-07-06 14:10:00
JV00015,2025-07-02,매출,매출 07월 정산분,169000.0,김대리,2025-07-02 11:32:00
JV02486,2025-07-02,소모품비,소모품비 07월 정산분,458000.0,김대리,2025-07-03 10:57:00
JV01665,2025-07-02,복리후생비,복리후생비 07월 정산분,212000.0,박과장,2025-07-06 13:04:00
JV01882,2025-07-03,복리후생비,복리후생비 07월 정산분,24215000.0,박과장,2025-07-06 14:18:00
JV01655,2025-07-03,여비교통비,여비교통비 07월 정산분,222000.0,김대리,2025-07-04 14:09:00
JV00926,2025-07-03,여비교통비,여비교통비 07월 정산분,1240000.0,이차장,2025-07-06 15:54:00
JV01657,2025-07-03,광고선전비,광고선전비 07월 정산분,2059000.0,정부장,2025-07-04 10:02:00
JV00527,2025-07-03,접대비,접대비 07월 정산분,241000.0,박과장,2025-07-04 14:07:00
JV01936,2025-07-03,접대비,접대비 07월 정산분,44000.0,박과장,2025-07-06 14:55:00
JV01856,2025-07-03,매출원가,매출원가 07월 정산분,2955000.0,박과장,2025-07-04 11:35:00
JV00708,2025-07-03,소모품비,소모품비 07월 정산분,506000.0,정부장,2025-07-06 12:11:00
JV01265,2025-07-03,매출원가,매출원가 07월 정산분,1495000.0,이차장,2025-07-03 13:14:00
JV02909,2025-07-03,광고선전비,광고선전비 07월 정산분,2037000.0,시스템,2025-07-07 14:00:00
JV01868,2025-07-03,소모품비,소모품비 07월 정산분,47000.0,시스템,2025-07-05 14:26:00
JV01846,2025-07-04,복리후생비,복리후생비 07월 정산분,702000.0,김대리,2025-07-08 18:37:00
JV02490,2025-07-04,외주가공비,외주가공비 07월 정산분,167000.0,이차장,2025-07-05 17:37:00
JV02878,2025-07-04,외주가공비,외주가공비 07월 정산분,5150000.0,최사원,2025-07-06 17:24:00
JV00030,2025-07-04,선급비용,선급비용 07월 정산분,491000.0,박과장,2025-07-04 12:59:00
JV01342,2025-07-04,매출원가,매출원가 07월 정산분,75000.0,김대리,2025-07-06 09:24:00
JV02062,2025-07-04,소모품비,소모품비 07월 정산분,153000.0,박과장,2025-07-05 08:32:00
JV00756,2025-07-04,미지급비용,미지급비용 07월 정산분,3019000.0,최사원,2025-07-08 17:23:00
JV00033,2025-07-05,접대비,접대비 07월 정산분,1412000.0,김대리,2025-07-05 12:10:00
JV01319,2025-07-05,여비교통비,여비교통비 07월 정산분,3342000.0,김대리,2025-07-07 17:28:00
JV90013,2025-07-05,매출,매출 07월 정산분,144000.0,이차장,2025-07-09 15:17:00
JV01745,2025-07-05,잡비,잡비 07월 정산분,2542000.0,박과장,2025-07-05 15:16:00
JV01653,2025-07-05,선급비용,선급비용 07월 정산분,266000.0,이차장,2025-07-07 13:49:00
JV02870,2025-07-05,매출원가,매출원가 07월 정산분,1419000.0,박과장,2025-07-05 13:04:00
JV02340,2025-07-05,매출원가,매출원가 07월 정산분,1468000.0,김대리,2025-07-08 17:59:00
JV02485,2025-07-05,지급수수료,지급수수료 07월 정산분,1956000.0,최사원,2025-07-06 09:47:00
JV00098,2025-07-05,복리후생비,복리후생비 07월 정산분,661000.0,이차장,2025-07-09 15:17:00
JV02608,2025-07-05,잡비,잡비 07월 정산분,1024000.0,김대리,2025-07-07 09:32:00
JV02856,2025-07-05,매출,매출 07월 정산분,144000.0,이차장,2025-07-09 15:17:00
JV01133,2025-07-05,소모품비,소모품비 07월 정산분,105000.0,최사원,2025-07-05 18:24:00
JV01506,2025-07-05,매출원가,매출원가 07월 정산분,10190000.0,정부장,2025-07-09 16:23:00
JV02384,2025-07-06,광고선전비,광고선전비 07월 정산분,84000.0,최사원,2025-07-09 10:04:00
JV01880,2025-07-06,매출,매출 07월 정산분,566000.0,정부장,2025-07-09 14:41:00
JV02114,2025-07-06,매출,매출 07월 정산분,476000.0,김대리,2025-07-07 17:09:00
JV00086,2025-07-06,지급수수료,지급수수료 07월 정산분,333000.0,최사원,2025-07-10 17:06:00
JV02393,2025-07-06,지급수수료,지급수수료 07월 정산분,663000.0,김대리,2025-07-09 16:51:00
JV00969,2025-07-06,외주가공비,외주가공비 07월 정산분,3044000.0,최사원,2025-07-09 18:23:00
JV02282,2025-07-06,미지급비용,미지급비용 07월 정산분,321000.0,시스템,2025-07-06 10:56:00
JV01025,2025-07-06,미지급비용,미지급비용 07월 정산분,4320000.0,최사원,2025-07-08 09:39:00
JV00703,2025-07-07,매출원가,매출원가 07월 정산분,228000.0,박과장,2025-07-10 08:01:00
JV00808,2025-07-07,매출,매출 07월 정산분,445000.0,최사원,2025-07-09 11:29:00
JV00248,2025-07-07,여비교통비,여비교통비 07월 정산분,166000.0,박과장,2025-07-07 08:28:00
JV01943,2025-07-07,복리후생비,복리후생비 07월 정산분,371000.0,김대리,2025-07-10 11:20:00
JV02224,2025-07-07,여비교통비,여비교통비 07월 정산분,2743000.0,김대리,2025-07-11 13:24:00
JV00889,2025-07-07,지급수수료,지급수수료 07월 정산분,271000.0,박과장,2025-07-11 10:29:00
JV00052,2025-07-07,매출,매출 07월 정산분,826000.0,김대리,2025-07-11 12:33:00
JV01192,2025-07-07,매출,매출 07월 정산분,1418000.0,최사원,2025-07-08 17:54:00
JV00769,2025-07-07,지급수수료,지급수수료 07월 정산분,11180000.0,정부장,2025-07-11 08:07:00
JV00060,2025-07-07,소모품비,소모품비 07월 정산분,1531000.0,정부장,2025-07-10 12:38:00
JV02985,2025-07-08,소모품비,소모품비 07월 정산분,646000.0,김대리,2025-07-12 13:17:00
JV01021,2025-07-08,매출원가,매출원가 07월 정산분,2726000.0,정부장,2025-07-10 17:57:00
JV00276,2025-07-08,외주가공비,외주가공비 07월 정산분,8776000.0,김대리,2025-07-10 15:02:00
JV02832,2025-07-08,잡비,잡비 07월 정산분,827000.0,박과장,2025-07-10 09:33:00
JV00728,2025-07-08,매출,매출 07월 정산분,2451000.0,김대리,2025-07-11 10:22:00
JV01255,2025-07-08,지급수수료,지급수수료 07월 정산분,804000.0,최사원,2025-07-10 14:56:00
JV01258,2025-07-08,외주가공비,외주가공비 07월 정산분,45000.0,김대리,2025-07-09 13:39:00
JV02142,2025-07-08,매출원가,매출원가 07월 정산분,795000.0,김대리,2025-07-08 16:39:00
JV02127,2025-07-08,선급비용,선급비용 07월 정산분,316000.0,김대리,2025-07-10 15:38:00
JV02827,2025-07-09,매출,매출 07월 정산분,293000.0,최사원,2025-07-12 13:51:00
JV02012,2025-07-09,복리후생비,복리후생비 07월 정산분,3128000.0,최사원,2025-07-12 10:20:00
JV01812,2025-07-09,여비교통비,여비교통비 07월 정산분,590000.0,정부장,2025-07-11 16:25:00
JV02309,2025-07-09,매출원가,매출원가 07월 정산분,606000.0,박과장,2025-07-09 10:30:00
JV90015,2025-07-09,지급수수료,지급수수료 07월 정산분,315000.0,최사원,2025-07-12 13:54:00
JV00568,2025-07-09,소모품비,소모품비 07월 정산분,2220000.0,박과장,2025-07-13 12:58:00
JV00220,2025-07-09,소모품비,소모품비 07월 정산분,79000.0,김대리,2025-07-09 11:07:00
JV00298,2025-07-09,지급수수료,지급수수료 07월 정산분,315000.0,최사원,2025-07-12 13:54:00
JV01661,2025-07-10,여비교통비,여비교통비 07월 정산분,125000.0,김대리,2025-07-14 09:02:00
JV01722,2025-07-10,여비교통비,여비교통비 07월 정산분,2634000.0,박과장,2025-07-11 09:49:00
JV00278,2025-07-10,여비교통비,여비교통비 07월 정산분,50000.0,김대리,2025-07-10 08:50:00
JV02008,2025-07-10,외주가공비,외주가공비 07월 정산분,1113000.0,김대리,2025-07-11 10:21:00
JV02540,2025-07-10,매출원가,매출원가 07월 정산분,1019000.0,박과장,2025-07-12 17:40:00
JV01364,2025-07-10,복리후생비,복리후생비 07월 정산분,113000.0,박과장,2025-07-13 16:56:00
JV02452,2025-07-10,접대비,접대비 07월 정산분,238000.0,이차장,2025-07-14 17:14:00
JV02611,2025-07-11,매출원가,매출원가 07월 정산분,261000.0,이차장,2025-07-12 13:30:00
JV01787,2025-07-11,지급수수료,지급수수료 07월 정산분,1363000.0,최사원,2025-07-15 08:43:00
JV01397,2025-07-11,매출,매출 07월 정산분,22000.0,시스템,2025-07-12 14:38:00
JV01343,2025-07-11,매출,매출 07월 정산분,145000.0,시스템,2025-07-11 17:47:00
JV00499,2025-07-11,잡비,잡비 07월 정산분,61000.0,박과장,2025-07-13 14:37:00
JV00208,2025-07-11,소모품비,소모품비 07월 정산분,2341000.0,김대리,2025-07-14 12:34:00
JV00368,2025-07-11,광고선전비,광고선전비 07월 정산분,504000.0,김대리,2025-07-15 18:49:00
JV01050,2025-07-11,지급수수료,지급수수료 07월 정산분,22376000.0,김대리,2025-07-15 08:44:00
JV02975,2025-07-11,복리후생비,복리후생비 07월 정산분,977000.0,이차장,2025-07-11 11:30:00
JV00860,2025-07-11,매출원가,매출원가 07월 정산분,1321000.0,시스템,2025-07-12 09:30:00
JV01474,2025-07-11,접대비,접대비 07월 정산분,3912000.0,이차장,2025-07-15 16:41:00
JV00724,2025-07-12,매출,매출 07월 정산분,5403000.0,박과장,2025-07-14 10:13:00
JV02327,2025-07-12,선급비용,선급비용 07월 정산분,279000.0,박과장,2025-07-15 10:20:00
JV02513,2025-07-12,외주가공비,외주가공비 07월 정산분,183000.0,최사원,2025-06-14 01:00:00
JV01207,2025-07-12,여비교통비,여비교통비 07월 정산분,2118000.0,김대리,2025-07-14 15:09:00
JV02097,2025-07-12,소모품비,소모품비 07월 정산분,278000.0,최사원,2025-07-15 15:24:00
JV02670,2025-07-13,외주가공비,외주가공비 07월 정산분,7927000.0,최사원,2025-07-14 15:59:00
JV02179,2025-07-13,여비교통비,여비교통비 07월 정산분,761000.0,김대리,2025-07-14 09:32:00
JV00221,2025-07-13,지급수수료,지급수수료 07월 정산분,245000.0,박과장,2025-07-16 08:56:00
JV00843,2025-07-14,외주가공비,외주가공비 07월 정산분,759000.0,박과장,2025-07-14 09:38:00
JV00559,2025-07-14,매출,매출 07월 정산분,1245000.0,박과장,2025-07-15 08:48:00
JV01979,2025-07-14,지급수수료,지급수수료 07월 정산분,9489000.0,박과장,2025-07-17 15:15:00
JV01459,2025-07-14,외주가공비,외주가공비 07월 정산분,1571000.0,박과장,2025-07-17 18:36:00
JV01019,2025-07-14,광고선전비,광고선전비 07월 정산분,1440000.0,정부장,2025-07-17 18:49:00
JV00149,2025-07-14,외주가공비,외주가공비 07월 정산분,140000.0,김대리,2025-07-16 09:19:00
JV00081,2025-07-14,매출,매출 07월 정산분,1851000.0,이차장,2025-07-14 10:16:00
JV02506,2025-07-14,복리후생비,복리후생비 07월 정산분,1574000.0,최사원,2025-07-17 18:39:00
JV00732,2025-07-15,매출원가,매출원가 07월 정산분,80000.0,박과장,2025-07-19 10:56:00
JV02993,2025-07-15,소모품비,소모품비 07월 정산분,121000.0,박과장,2025-07-15 17:48:00
JV02999,2025-07-15,소모품비,소모품비 07월 정산분,583000.0,이차장,2025-07-15 15:47:00
JV02916,2025-07-15,복리후생비,복리후생비 07월 정산분,6010000.0,박과장,2025-07-18 09:18:00
JV01543,2025-07-15,미지급비용,미지급비용 07월 정산분,2675000.0,이차장,2025-07-15 18:13:00
JV00661,2025-07-15,소모품비,소모품비 07월 정산분,3269000.0,박과장,2025-07-19 18:05:00
JV01927,2025-07-15,지급수수료,지급수수료 07월 정산분,70000.0,김대리,2025-07-16 15:53:00
JV01419,2025-07-15,복리후생비,복리후생비 07월 정산분,2025000.0,최사원,2025-07-18 09:03:00
JV02121,2025-07-15,잡비,잡비 07월 정산분,1656000.0,김대리,2025-07-17 12:24:00
JV02952,2025-07-15,외주가공비,외주가공비 07월 정산분,169000.0,시스템,2025-07-19 11:24:00
JV00576,2025-07-15,매출,매출 07월 정산분,211000.0,정부장,2025-07-15 17:45:00
JV00400,2025-07-16,매출,매출 07월 정산분,97000.0,김대리,2025-07-16 11:52:00
JV00859,2025-07-16,소모품비,소모품비 07월 정산분,511000.0,이차장,2025-07-17 17:53:00
JV02135,2025-07-16,소모품비,소모품비 07월 정산분,430000.0,정부장,2025-07-20 17:03:00
JV01918,2025-07-16,여비교통비,여비교통비 07월 정산분,3062000.0,김대리,2025-07-20 17:08:00
JV00504,2025-07-16,복리후생비,복리후생비 07월 정산분,237000.0,박과장,2025-07-16 08:58:00
JV02104,2025-07-17,외주가공비,외주가공비 07월 정산분,789000.0,김대리,2025-07-17 09:30:00
JV00997,2025-07-17,외주가공비,외주가공비 07월 정산분,213000.0,김대리,2025-07-20 12:13:00
JV02087,2025-07-17,지급수수료,지급수수료 07월 정산분,844000.0,이차장,2025-07-21 16:20:00
JV00096,2025-07-17,외주가공비,외주가공비 07월 정산분,4396000.0,정부장,2025-07-18 16:07:00
JV00299,2025-07-17,접대비,접대비 07월 정산분,207000.0,최사원,2025-07-21 15:19:00
JV02648,2025-07-17,매출원가,매출원가 07월 정산분,188000.0,김대리,2025-07-20 16:12:00
JV02815,2025-07-17,매출원가,매출원가 07월 정산분,1274000.0,김대리,2025-07-18 18:54:00
JV01436,2025-07-17,선급비용,선급비용 07월 정산분,123000.0,이차장,2025-07-20 14:09:00
JV01932,2025-07-17,접대비,접대비 07월 정산분,7716000.0,정부장,2025-07-19 12:36:00
JV01972,2025-07-17,광고선전비,광고선전비 07월 정산분,618000.0,김대리,2025-07-21 12:52:00
JV00622,2025-07-17,복리후생비,복리후생비 07월 정산분,15307000.0,이차장,2025-07-18 08:41:00
JV02423,2025-07-18,외주가공비,외주가공비 07월 정산분,7693000.0,김대리,2025-07-20 14:28:00
JV00745,2025-07-18,접대비,접대비 07월 정산분,1085000.0,시스템,2025-07-18 10:19:00
JV02249,2025-07-18,소모품비,소모품비 07월 정산분,2986000.0,박과장,2025-07-18 15:50:00
JV01426,2025-07-18,소모품비,소모품비 07월 정산분,56000.0,정부장,2025-07-21 17:58:00
JV02516,2025-07-19,여비교통비,여비교통비 07월 정산분,108000.0,정부장,2025-07-19 11:19:00
JV00125,2025-07-19,매출,매출 07월 정산분,739000.0,박과장,2025-07-23 11:39:00
JV00759,2025-07-19,지급수수료,지급수수료 07월 정산분,195000.0,이차장,2025-07-22 14:50:00
JV00188,2025-07-19,소모품비,소모품비 07월 정산분,595000.0,최사원,2025-07-21 09:00:00
JV01016,2025-07-19,잡비,잡비 07월 정산분,1316000.0,김대리,2025-07-23 11:59:00
JV01796,2025-07-19,지급수수료,지급수수료 07월 정산분,357000.0,이차장,2025-07-19 15:53:00
JV02499,2025-07-19,매출,매출 07월 정산분,568000.0,박과장,2025-07-21 12:20:00
JV01499,2025-07-19,복리후생비,복리후생비 07월 정산분,94000.0,김대리,2025-07-19 16:46:00
JV01743,2025-07-20,여비교통비,여비교통비 07월 정산분,1111000.0,김대리,2025-07-24 15:50:00
JV01736,2025-07-20,매출,매출 07월 정산분,3210000.0,최사원,2025-07-23 10:30:00
JV02280,2025-07-20,소모품비,소모품비 07월 정산분,49000.0,최사원,2025-07-23 16:37:00
JV01410,2025-07-20,소모품비,소모품비 07월 정산분,1925000.0,최사원,2025-07-24 10:58:00
JV00626,2025-07-20,외주가공비,외주가공비 07월 정산분,535000.0,정부장,2025-07-24 09:59:00
JV01262,2025-07-20,접대비,접대비 07월 정산분,142000.0,이차장,2025-07-20 18:37:00
JV02228,2025-07-20,외주가공비,외주가공비 07월 정산분,254000.0,박과장,2025-07-24 16:14:00
JV02176,2025-07-20,외주가공비,외주가공비 07월 정산분,11000.0,박과장,2025-07-21 13:07:00
JV00166,2025-07-21,광고선전비,광고선전비 07월 정산분,188000.0,김대리,2025-07-22 15:00:00
JV02915,2025-07-21,미지급비용,미지급비용 07월 정산분,243000.0,김대리,2025-07-23 17:44:00
JV02089,2025-07-21,지급수수료,지급수수료 07월 정산분,100000.0,최사원,2025-07-23 11:11:00
JV00878,2025-07-21,지급수수료,지급수수료 07월 정산분,1215000.0,김대리,2025-07-22 17:47:00
JV00842,2025-07-21,매출,매출 07월 정산분,3000.0,이차장,2025-07-22 11:08:00
JV01341,2025-07-21,소모품비,소모품비 07월 정산분,13000.0,김대리,2025-07-24 09:38:00
JV02371,2025-07-21,여비교통비,여비교통비 07월 정산분,15376000.0,이차장,2025-07-25 16:58:00
JV00898,2025-07-22,매출,매출 07월 정산분,1779000.0,박과장,2025-07-22 12:44:00
JV02392,2025-07-22,미지급비용,미지급비용 07월 정산분,1175000.0,이차장,2025-07-23 13:13:00
JV01211,2025-07-22,미지급비용,미지급비용 07월 정산분,134000.0,최사원,2025-07-24 14:39:00
JV00032,2025-07-22,외주가공비,외주가공비 07월 정산분,7778000.0,정부장,2025-07-26 12:23:00
JV02582,2025-07-22,외주가공비,외주가공비 07월 정산분,787000.0,이차장,2025-07-25 13:11:00
JV02924,2025-07-22,선급비용,선급비용 07월 정산분,730000.0,정부장,2025-07-26 17:18:00
JV01217,2025-07-22,소모품비,소모품비 07월 정산분,79000.0,이차장,2025-07-26 12:32:00
JV00868,2025-07-23,접대비,접대비 07월 정산분,5942000.0,정부장,2025-07-23 16:46:00
JV01701,2025-07-23,매출,매출 07월 정산분,427000.0,박과장,2025-07-24 10:35:00
JV00914,2025-07-23,외주가공비,외주가공비 07월 정산분,948000.0,김대리,2025-07-26 11:47:00
JV00581,2025-07-23,광고선전비,광고선전비 07월 정산분,2396000.0,김대리,2025-07-24 14:42:00
JV00950,2025-07-23,매출원가,매출원가 07월 정산분,1094000.0,박과장,2025-07-25 18:05:00
JV02015,2025-07-24,외주가공비,외주가공비 07월 정산분,1233000.0,박과장,2025-07-24 15:30:00
JV00129,2025-07-24,매출,매출 07월 정산분,427000.0,김대리,2025-07-27 12:40:00
JV01301,2025-07-24,접대비,접대비 07월 정산분,3795000.0,박과장,2025-07-27 13:15:00
JV02450,2025-07-24,여비교통비,여비교통비 07월 정산분,193000.0,이차장,2025-07-26 15:49:00
JV01440,2025-07-24,미지급비용,미지급비용 07월 정산분,382000.0,박과장,2025-07-26 08:37:00
JV01596,2025-07-25,소모품비,소모품비 07월 정산분,740000.0,이차장,2025-07-26 09:05:00
JV02688,2025-07-25,접대비,접대비 07월 정산분,41000.0,시스템,2025-07-29 15:33:00
JV00866,2025-07-25,지급수수료,지급수수료 07월 정산분,434000.0,최사원,2025-07-26 18:37:00
JV02567,2025-07-25,외주가공비,외주가공비 07월 정산분,1699000.0,최사원,2025-07-26 17:15:00
JV02118,2025-07-25,접대비,접대비 07월 정산분,642000.0,최사원,2025-07-26 09:51:00
JV00478,2025-07-25,광고선전비,광고선전비 07월 정산분,530000.0,박과장,2025-07-25 16:21:00
JV02100,2025-07-25,복리후생비,복리후생비 07월 정산분,1982000.0,이차장,2025-07-26 10:45:00
JV00161,2025-07-25,선급비용,선급비용 07월 정산분,248000.0,김대리,2025-07-25 10:20:00
JV01963,2025-07-25,미지급비용,미지급비용 07월 정산분,166000.0,박과장,2025-07-26 09:13:00
JV02093,2025-07-26,접대비,접대비 07월 정산분,5894000.0,최사원,2025-07-30 11:26:00
JV01367,2025-07-26,매출원가,매출원가 07월 정산분,3618000.0,김대리,2025-07-28 17:25:00
JV00384,2025-07-26,미지급비용,미지급비용 07월 정산분,3967000.0,최사원,2025-07-28 09:05:00
JV01648,2025-07-26,접대비,접대비 07월 정산분,685000.0,박과장,2025-07-29 14:55:00
JV01592,2025-07-27,지급수수료,지급수수료 07월 정산분,16825000.0,김대리,2025-07-28 15:47:00
JV01392,2025-07-27,매출원가,매출원가 07월 정산분,3066000.0,이차장,2025-07-29 12:29:00
JV00713,2025-07-27,매출원가,매출원가 07월 정산분,10821000.0,박과장,2025-07-31 17:22:00
JV00174,2025-07-27,광고선전비,광고선전비 07월 정산분,17270000.0,이차장,2025-07-30 13:03:00
JV00967,2025-07-27,광고선전비,광고선전비 07월 정산분,992000.0,김대리,2025-07-30 14:57:00
JV00185,2025-07-27,매출,매출 07월 정산분,1637000.0,정부장,2025-07-28 08:32:00
JV00158,2025-07-27,매출,매출 07월 정산분,807000.0,김대리,2025-07-28 08:47:00
JV02192,2025-07-27,광고선전비,광고선전비 07월 정산분,2889000.0,최사원,2025-07-30 11:54:00
JV02079,2025-07-28,지급수수료,지급수수료 07월 정산분,447000.0,정부장,2025-08-01 11:28:00
JV01395,2025-07-28,매출원가,매출원가 07월 정산분,133000.0,박과장,2025-07-28 17:21:00
JV01402,2025-07-28,외주가공비,외주가공비 07월 정산분,9900000.0,이차장,2025-07-31 15:51:00
JV01184,2025-07-28,지급수수료,지급수수료 07월 정산분,6636000.0,김대리,2025-07-28 14:48:00
JV01340,2025-07-28,여비교통비,여비교통비 07월 정산분,117000.0,박과장,2025-07-30 17:25:00
JV00397,2025-07-28,매출,매출 07월 정산분,456000.0,최사원,2025-07-29 15:17:00
JV90003,2025-07-28,매출원가,매출원가 07월 정산분,133000.0,박과장,2025-07-28 17:21:00
JV02139,2025-07-28,광고선전비,광고선전비 07월 정산분,625000.0,박과장,2025-07-31 15:06:00
JV01261,2025-07-28,복리후생비,복리후생비 07월 정산분,349000.0,이차장,2025-07-28 14:43:00
JV00410,2025-07-29,소모품비,소모품비 07월 정산분,232000.0,김대리,2025-08-02 09:11:00
JV02875,2025-07-29,선급비용,선급비용 07월 정산분,73000.0,김대리,2025-08-02 15:12:00
JV00264,2025-07-29,광고선전비,광고선전비 07월 정산분,42000.0,박과장,2025-07-29 11:01:00
JV00446,2025-07-29,지급수수료,지급수수료 07월 정산분,17648000.0,김대리,2025-08-02 18:48:00
JV00662,2025-07-29,복리후생비,복리후생비 07월 정산분,27608000.0,이차장,2025-08-02 12:00:00
JV00117,2025-07-30,잡비,잡비 07월 정산분,1797000.0,이차장,2025-07-31 09:19:00
JV01902,2025-07-30,복리후생비,복리후생비 07월 정산분,16653000.0,김대리,2025-08-02 09:29:00
JV00231,2025-07-30,소모품비,소모품비 07월 정산분,166000.0,김대리,2025-08-02 17:25:00
JV00283,2025-07-30,매출,매출 07월 정산분,180000.0,정부장,2025-08-01 18:55:00
JV02630,2025-07-30,외주가공비,외주가공비 07월 정산분,376000.0,최사원,2025-08-02 13:16:00
JV00814,2025-07-30,여비교통비,여비교통비 07월 정산분,242000.0,이차장,2025-08-02 08:32:00
JV01686,2025-07-30,외주가공비,외주가공비 07월 정산분,2082000.0,이차장,2025-07-30 12:27:00
JV01037,2025-07-31,지급수수료,지급수수료 07월 정산분,363000.0,시스템,2025-08-02 14:47:00
JV00421,2025-07-31,여비교통비,여비교통비 07월 정산분,6076000.0,시스템,2025-07-31 12:57:00
JV02736,2025-07-31,외주가공비,외주가공비 07월 정산분,1458000.0,김대리,2025-07-31 14:22:00
JV02799,2025-07-31,잡비,잡비 07월 정산분,1176000.0,김대리,2025-08-02 11:43:00
JV01423,2025-07-31,매출원가,매출원가 07월 정산분,11000.0,최사원,2025-07-31 13:54:00
JV00948,2025-07-31,매출원가,매출원가 07월 정산분,27305000.0,박과장,2025-08-01 18:20:00
JV00518,2025-07-31,매출원가,매출원가 07월 정산분,5170000.0,김대리,2025-08-01 12:04:00
JV01985,2025-07-31,소모품비,소모품비 07월 정산분,321000.0,박과장,2025-08-03 17:58:00
JV00284,2025-07-31,소모품비,소모품비 07월 정산분,513000.0,박과장,2025-08-02 11:24:00
JV00005,2025-07-31,지급수수료,지급수수료 07월 정산분,160000.0,정부장,2025-08-01 13:06:00
JV01396,2025-07-31,매출,매출 07월 정산분,252000.0,이차장,2025-08-04 11:29:00
JV01876,2025-07-31,미지급비용,미지급비용 07월 정산분,132000.0,김대리,2025-08-04 15:30:00
JV01955,2025-07-31,지급수수료,지급수수료 07월 정산분,12413000.0,김대리,2025-08-03 18:23:00
JV00976,2025-08-01,매출원가,매출원가 08월 정산분,891000.0,이차장,2025-08-03 11:40:00
JV01275,2025-08-01,외주가공비,외주가공비 08월 정산분,265000.0,최사원,2025-08-04 11:57:00
JV02248,2025-08-01,지급수수료,지급수수료 08월 정산분,895000.0,김대리,2025-08-03 11:17:00
JV00173,2025-08-01,매출원가,매출원가 08월 정산분,301000.0,이차장,2025-08-03 14:45:00
JV02873,2025-08-01,지급수수료,지급수수료 08월 정산분,916000.0,최사원,2025-08-04 13:52:00
JV01414,2025-08-01,여비교통비,여비교통비 08월 정산분,601000.0,박과장,2025-08-02 14:08:00
JV02304,2025-08-01,여비교통비,여비교통비 08월 정산분,309000.0,박과장,2025-08-01 16:39:00
JV00031,2025-08-01,잡비,잡비 08월 정산분,106000.0,김대리,2025-08-04 13:47:00
JV01957,2025-08-01,소모품비,소모품비 08월 정산분,1135000.0,정부장,2025-08-02 18:31:00
JV02034,2025-08-01,지급수수료,지급수수료 08월 정산분,2527000.0,김대리,2025-08-05 08:13:00
JV01804,2025-08-02,접대비,접대비 08월 정산분,268000.0,박과장,2025-08-05 17:15:00
JV02899,2025-08-02,복리후생비,복리후생비 08월 정산분,143000.0,박과장,2025-08-02 18:36:00
JV02583,2025-08-02,소모품비,소모품비 08월 정산분,9788000.0,정부장,2025-06-28 02:00:00
JV00445,2025-08-02,접대비,접대비 08월 정산분,609000.0,김대리,2025-08-03 13:36:00
JV00819,2025-08-02,지급수수료,지급수수료 08월 정산분,52000.0,최사원,2025-08-06 12:26:00
JV00956,2025-08-02,복리후생비,복리후생비 08월 정산분,451000.0,박과장,2025-08-03 13:53:00
JV01475,2025-08-02,여비교통비,여비교통비 08월 정산분,369000.0,이차장,2025-08-03 12:03:00
JV01483,2025-08-03,복리후생비,복리후생비 08월 정산분,1964000.0,정부장,2025-08-03 09:59:00
JV02306,2025-08-03,외주가공비,외주가공비 08월 정산분,875000.0,박과장,2025-08-07 14:15:00
JV01729,2025-08-03,접대비,접대비 08월 정산분,75000.0,이차장,2025-08-06 13:38:00
JV02219,2025-08-03,소모품비,소모품비 08월 정산분,40000.0,박과장,2025-08-06 08:45:00
JV01753,2025-08-03,광고선전비,광고선전비 08월 정산분,137000.0,최사원,2025-08-06 14:43:00
JV01149,2025-08-03,매출원가,매출원가 08월 정산분,125000.0,최사원,2025-08-05 13:45:00
JV01524,2025-08-03,외주가공비,외주가공비 08월 정산분,549000.0,박과장,2025-08-03 18:50:00
JV01694,2025-08-04,지급수수료,지급수수료 08월 정산분,500000.0,최사원,2025-08-04 16:11:00
JV00491,2025-08-04,복리후생비,복리후생비 08월 정산분,128000.0,이차장,2025-08-04 09:04:00
JV00120,2025-08-04,여비교통비,여비교통비 08월 정산분,1848000.0,최사원,2025-08-07 15:42:00
JV00214,2025-08-04,외주가공비,외주가공비 08월 정산분,357000.0,박과장,2025-08-05 15:58:00
JV02625,2025-08-04,소모품비,소모품비 08월 정산분,1966000.0,박과장,2025-08-06 08:00:00
JV02266,2025-08-04,지급수수료,지급수수료 08월 정산분,21000.0,정부장,2025-08-06 15:19:00
JV01406,2025-08-04,매출원가,매출원가 08월 정산분,9412000.0,박과장,2025-08-05 11:14:00
JV00388,2025-08-04,매출,매출 08월 정산분,1198000.0,김대리,2025-08-06 14:48:00
JV00607,2025-08-04,지급수수료,지급수수료 08월 정산분,88000.0,이차장,2025-08-08 16:38:00
JV00327,2025-08-05,매출,매출 08월 정산분,21000.0,김대리,2025-08-05 12:25:00
JV01085,2025-08-05,선급비용,선급비용 08월 정산분,1948000.0,박과장,2025-08-09 09:38:00
JV01967,2025-08-05,여비교통비,여비교통비 08월 정산분,399000.0,이차장,2025-08-08 13:06:00
JV02236,2025-08-05,광고선전비,광고선전비 08월 정산분,950000.0,박과장,2025-08-08 13:40:00
JV02090,2025-08-05,지급수수료,지급수수료 08월 정산분,403000.0,정부장,2025-08-05 11:10:00
JV00882,2025-08-05,여비교통비,여비교통비 08월 정산분,76000.0,박과장,2025-08-05 18:43:00
JV00805,2025-08-05,외주가공비,외주가공비 08월 정산분,408000.0,시스템,2025-08-08 13:58:00
JV00334,2025-08-06,미지급비용,미지급비용 08월 정산분,10500000.0,최사원,2025-08-06 16:19:00
JV02851,2025-08-06,복리후생비,복리후생비 08월 정산분,485000.0,최사원,2025-08-10 15:17:00
JV01029,2025-08-06,소모품비,소모품비 08월 정산분,776000.0,이차장,2025-08-09 18:24:00
JV00513,2025-08-06,여비교통비,여비교통비 08월 정산분,126000.0,정부장,2025-08-10 11:59:00
JV02661,2025-08-06,매출원가,매출원가 08월 정산분,10269000.0,김대리,2025-08-09 11:55:00
JV01757,2025-08-06,여비교통비,여비교통비 08월 정산분,681000.0,김대리,2025-08-08 14:40:00
JV00800,2025-08-06,접대비,접대비 08월 정산분,588000.0,최사원,2025-08-06 10:45:00
JV00489,2025-08-06,매출원가,매출원가 08월 정산분,2892000.0,박과장,2025-08-08 11:14:00
JV02825,2025-08-06,외주가공비,외주가공비 08월 정산분,50000.0,정부장,2025-08-06 17:40:00
JV01356,2025-08-06,접대비,접대비 08월 정산분,342000.0,박과장,2025-08-08 14:31:00
JV02553,2025-08-07,지급수수료,지급수수료 08월 정산분,420000.0,김대리,2025-08-09 12:35:00
JV02476,2025-08-07,복리후생비,복리후생비 08월 정산분,195000.0,이차장,2025-08-08 12:20:00
JV02807,2025-08-07,접대비,접대비 08월 정산분,749000.0,이차장,2025-08-11 09:09:00
JV02339,2025-08-07,매출원가,매출원가 08월 정산분,1736000.0,김대리,2025-08-09 18:32:00
JV00109,2025-08-07,지급수수료,지급수수료 08월 정산분,235000.0,시스템,2025-08-07 13:54:00
JV00766,2025-08-07,소모품비,소모품비 08월 정산분,755000.0,이차장,2025-08-08 08:37:00
JV02233,2025-08-07,지급수수료,지급수수료 08월 정산분,3671000.0,이차장,2025-08-10 14:01:00
JV01199,2025-08-07,외주가공비,외주가공비 08월 정산분,58000.0,김대리,2025-08-10 15:53:00
JV01711,2025-08-07,매출원가,매출원가 08월 정산분,79000.0,박과장,2025-08-11 10:20:00
JV00104,2025-08-07,매출원가,매출원가 08월 정산분,115000.0,김대리,2025-08-08 16:09:00
JV02296,2025-08-07,광고선전비,광고선전비 08월 정산분,112000.0,김대리,2025-08-07 09:05:00
JV01857,2025-08-08,지급수수료,지급수수료 08월 정산분,651000.0,김대리,2025-08-10 08:21:00
JV01156,2025-08-08,미지급비용,미지급비용 08월 정산분,1261000.0,김대리,2025-08-12 11:46:00
JV02184,2025-08-08,광고선전비,광고선전비 08월 정산분,5532000.0,정부장,2025-08-12 13:38:00
JV01964,2025-08-08,광고선전비,광고선전비 08월 정산분,62000.0,박과장,2025-08-11 11:16:00
JV01556,2025-08-08,복리후생비,복리후생비 08월 정산분,2485000.0,최사원,2025-08-10 09:35:00
JV01724,2025-08-08,선급비용,선급비용 08월 정산분,1381000.0,김대리,2025-08-08 13:46:00
JV01317,2025-08-08,외주가공비,외주가공비 08월 정산분,3406000.0,김대리,2025-08-08 16:55:00
JV01603,2025-08-08,매출,매출 08월 정산분,5015000.0,최사원,2025-08-10 10:15:00
JV01811,2025-08-09,여비교통비,여비교통비 08월 정산분,4802000.0,김대리,2025-08-11 09:38:00
JV01503,2025-08-09,여비교통비,여비교통비 08월 정산분,1328000.0,시스템,2025-08-12 15:59:00
JV02369,2025-08-09,복리후생비,복리후생비 08월 정산분,636000.0,김대리,2025-08-12 08:15:00
JV01453,2025-08-09,소모품비,소모품비 08월 정산분,2878000.0,시스템,2025-08-12 13:50:00
JV01714,2025-08-09,여비교통비,여비교통비 08월 정산분,2752000.0,최사원,2025-08-10 08:32:00
JV00599,2025-08-09,외주가공비,외주가공비 08월 정산분,723000.0,김대리,2025-08-11 12:30:00
JV00122,2025-08-09,지급수수료,지급수수료 08월 정산분,2041000.0,박과장,2025-08-09 13:21:00
JV02168,2025-08-09,지급수수료,지급수수료 08월 정산분,241000.0,박과장,2025-08-09 18:01:00
JV00330,2025-08-09,접대비,접대비 08월 정산분,133000.0,김대리,2025-08-09 16:10:00
JV01323,2025-08-09,접대비,접대비 08월 정산분,916000.0,김대리,2025-08-13 15:48:00
JV01188,2025-08-10,지급수수료,지급수수료 08월 정산분,3178000.0,이차장,2025-08-12 11:31:00
JV01272,2025-08-10,매출원가,매출원가 08월 정산분,5005000.0,이차장,2025-08-11 12:11:00
JV02684,2025-08-10,매출,매출 08월 정산분,2384000.0,최사원,2025-08-14 18:42:00
JV00715,2025-08-10,광고선전비,광고선전비 08월 정산분,413000.0,박과장,2025-08-12 11:21:00
JV01447,2025-08-10,미지급비용,미지급비용 08월 정산분,206000.0,최사원,2025-08-11 13:36:00
JV02009,2025-08-10,접대비,접대비 08월 정산분,2098000.0,이차장,2025-08-12 09:57:00
JV00155,2025-08-10,외주가공비,외주가공비 08월 정산분,797000.0,박과장,2025-06-28 01:00:00
JV02959,2025-08-10,잡비,잡비 08월 정산분,1237000.0,김대리,2025-08-12 16:42:00
JV01145,2025-08-11,매출,매출 08월 정산분,2319000.0,시스템,2025-08-15 10:31:00
JV02338,2025-08-11,외주가공비,외주가공비 08월 정산분,717000.0,박과장,2025-08-11 09:14:00
JV01692,2025-08-11,지급수수료,지급수수료 08월 정산분,2933000.0,이차장,2025-08-13 16:53:00
JV01519,2025-08-11,복리후생비,복리후생비 08월 정산분,28000.0,박과장,2025-08-14 16:11:00
JV00450,2025-08-11,선급비용,선급비용 08월 정산분,1044000.0,최사원,2025-08-13 15:04:00
JV90012,2025-08-11,매출,매출 08월 정산분,2319000.0,시스템,2025-08-15 10:31:00
JV02065,2025-08-11,소모품비,소모품비 08월 정산분,1649000.0,김대리,2025-08-14 13:00:00
JV00406,2025-08-11,매출원가,매출원가 08월 정산분,147000.0,이차장,2025-08-12 09:18:00
JV00099,2025-08-12,여비교통비,여비교통비 08월 정산분,712000.0,이차장,2025-08-12 11:11:00
JV02541,2025-08-12,매출,매출 08월 정산분,489000.0,최사원,2025-08-13 14:27:00
JV02314,2025-08-12,매출원가,매출원가 08월 정산분,1791000.0,최사원,2025-08-12 10:52:00
JV00046,2025-08-12,소모품비,소모품비 08월 정산분,241000.0,최사원,2025-08-16 17:27:00
JV02754,2025-08-12,외주가공비,외주가공비 08월 정산분,25000.0,정부장,2025-08-13 11:54:00
JV01401,2025-08-12,여비교통비,여비교통비 08월 정산분,190000.0,김대리,2025-08-12 11:26:00
JV01588,2025-08-12,지급수수료,지급수수료 08월 정산분,729000.0,정부장,2025-08-14 09:22:00
JV01178,2025-08-12,매출,매출 08월 정산분,5609000.0,최사원,2025-08-12 10:51:00
JV02542,2025-08-13,매출원가,매출원가 08월 정산분,1475000.0,이차장,2025-08-16 14:50:00
JV02683,2025-08-13,매출,매출 08월 정산분,1044000.0,이차장,2025-08-13 11:08:00
JV01601,2025-08-14,매출,매출 08월 정산분,820000.0,이차장,2025-08-18 08:29:00
JV02576,2025-08-14,복리후생비,복리후생비 08월 정산분,354000.0,최사원,2025-08-18 12:54:00
JV01136,2025-08-14,매출,매출 08월 정산분,2192000.0,박과장,2025-08-16 10:36:00
JV00077,2025-08-14,매출원가,매출원가 08월 정산분,7158000.0,박과장,2025-08-15 16:11:00
JV01420,2025-08-14,여비교통비,여비교통비 08월 정산분,52000.0,박과장,2025-08-15 13:26:00
JV00315,2025-08-14,매출원가,매출원가 08월 정산분,159000.0,박과장,2025-08-16 11:29:00
JV01798,2025-08-14,미지급비용,미지급비용 08월 정산분,350000.0,김대리,2025-08-14 14:16:00
JV02159,2025-08-14,매출원가,매출원가 08월 정산분,127000.0,김대리,2025-08-14 13:44:00
JV02632,2025-08-14,매출원가,매출원가 08월 정산분,1869000.0,최사원,2025-08-16 15:10:00
JV02496,2025-08-14,지급수수료,지급수수료 08월 정산분,919000.0,김대리,2025-08-15 16:53:00
JV02708,2025-08-15,광고선전비,광고선전비 08월 정산분,2065000.0,김대리,2025-08-19 16:47:00
JV00904,2025-08-15,매출원가,매출원가 08월 정산분,4617000.0,이차장,2025-08-17 12:58:00
JV02057,2025-08-15,매출원가,매출원가 08월 정산분,142000.0,김대리,2025-08-16 16:34:00
JV02433,2025-08-15,잡비,잡비 08월 정산분,479000.0,박과장,2025-08-18 09:49:00
JV01086,2025-08-15,지급수수료,지급수수료 08월 정산분,271000.0,최사원,2025-08-16 11:11:00
JV02507,2025-08-15,외주가공비,외주가공비 08월 정산분,224000.0,이차장,2025-08-17 12:18:00
JV02006,2025-08-15,외주가공비,외주가공비 08월 정산분,72000.0,김대리,2025-08-15 16:46:00
JV00542,2025-08-15,여비교통비,여비교통비 08월 정산분,593000.0,정부장,2025-08-16 15:24:00
JV01337,2025-08-15,미지급비용,미지급비용 08월 정산분,214000.0,이차장,2025-08-17 18:47:00
JV02443,2025-08-15,매출원가,매출원가 08월 정산분,4557000.0,최사원,2025-08-19 13:36:00
JV01982,2025-08-16,미지급비용,미지급비용 08월 정산분,664000.0,박과장,2025-08-19 09:14:00
JV00038,2025-08-16,잡비,잡비 08월 정산분,1935000.0,박과장,2025-08-18 17:12:00
JV02768,2025-08-16,소모품비,소모품비 08월 정산분,2175000.0,최사원,2025-08-17 11:37:00
JV02650,2025-08-16,광고선전비,광고선전비 08월 정산분,180000.0,최사원,2025-08-20 14:43:00
JV01898,2025-08-16,지급수수료,지급수수료 08월 정산분,362000.0,김대리,2025-08-18 10:16:00
JV00002,2025-08-17,지급수수료,지급수수료 08월 정산분,37000.0,김대리,2025-08-20 09:28:00
JV02971,2025-08-17,접대비,접대비 08월 정산분,147000.0,박과장,2025-08-18 11:29:00
JV02689,2025-08-17,복리후생비,복리후생비 08월 정산분,82000.0,이차장,2025-08-19 09:31:00
JV00428,2025-08-17,복리후생비,복리후생비 08월 정산분,601000.0,최사원,2025-08-21 08:52:00
JV00344,2025-08-18,매출원가,매출원가 08월 정산분,383000.0,박과장,2025-08-20 16:25:00
JV02268,2025-08-18,매출,매출 08월 정산분,1262000.0,정부장,2025-08-22 11:33:00
JV00244,2025-08-18,미지급비용,미지급비용 08월 정산분,569000.0,김대리,2025-08-18 15:30:00
JV00871,2025-08-18,여비교통비,여비교통비 08월 정산분,363000.0,김대리,2025-08-22 14:53:00
JV00058,2025-08-18,접대비,접대비 08월 정산분,381000.0,김대리,2025-08-21 18:16:00
JV00730,2025-08-18,미지급비용,미지급비용 08월 정산분,121000.0,박과장,2025-08-21 12:16:00
JV00310,2025-08-18,접대비,접대비 08월 정산분,1215000.0,이차장,2025-08-20 15:15:00
JV02106,2025-08-18,접대비,접대비 08월 정산분,1312000.0,김대리,2025-08-18 18:42:00
JV01276,2025-08-18,소모품비,소모품비 08월 정산분,64000.0,최사원,2025-08-19 17:56:00
JV02429,2025-08-18,외주가공비,외주가공비 08월 정산분,56000.0,정부장,2025-08-20 16:15:00
JV02001,2025-08-19,소모품비,소모품비 08월 정산분,621000.0,박과장,2025-08-22 09:16:00
JV01052,2025-08-19,여비교통비,여비교통비 08월 정산분,498000.0,박과장,2025-08-19 17:57:00
JV00456,2025-08-19,광고선전비,광고선전비 08월 정산분,147000.0,김대리,2025-08-23 15:12:00
JV00876,2025-08-19,복리후생비,복리후생비 08월 정산분,79000.0,최사원,2025-08-20 14:37:00
JV02703,2025-08-20,미지급비용,미지급비용 08월 정산분,190000.0,김대리,2025-08-22 14:22:00
JV01961,2025-08-20,외주가공비,외주가공비 08월 정산분,9800000.0,이차장,2025-08-21 16:59:00
JV02917,2025-08-20,소모품비,소모품비 08월 정산분,1981000.0,최사원,2025-08-23 14:16:00
JV02598,2025-08-20,선급비용,선급비용 08월 정산분,4888000.0,김대리,2025-08-23 18:43:00
JV00479,2025-08-20,매출,매출 08월 정산분,139000.0,박과장,2025-08-24 15:42:00
JV00346,2025-08-20,소모품비,소모품비 08월 정산분,1062000.0,최사원,2025-08-20 18:06:00
JV01778,2025-08-20,선급비용,선급비용 08월 정산분,162000.0,이차장,2025-08-23 10:15:00
JV01044,2025-08-21,외주가공비,외주가공비 08월 정산분,27000.0,최사원,2025-08-21 09:04:00
JV01764,2025-08-21,광고선전비,광고선전비 08월 정산분,131000.0,최사원,2025-08-22 16:02:00
JV02674,2025-08-21,외주가공비,외주가공비 08월 정산분,3793000.0,이차장,2025-08-24 08:33:00
JV00593,2025-08-21,매출,매출 08월 정산분,5820000.0,최사원,2025-08-24 18:40:00
JV01668,2025-08-21,지급수수료,지급수수료 08월 정산분,457000.0,이차장,2025-08-25 12:44:00
JV01286,2025-08-21,매출원가,매출원가 08월 정산분,302000.0,최사원,2025-08-23 12:49:00
JV00579,2025-08-21,지급수수료,지급수수료 08월 정산분,336000.0,정부장,2025-08-21 12:27:00
JV00124,2025-08-21,광고선전비,광고선전비 08월 정산분,176000.0,김대리,2025-08-24 13:45:00
JV00963,2025-08-21,여비교통비,여비교통비 08월 정산분,471000.0,최사원,2025-08-24 09:07:00
JV01680,2025-08-21,미지급비용,미지급비용 08월 정산분,2622000.0,박과장,2025-08-23 11:25:00
JV00448,2025-08-22,미지급비용,미지급비용 08월 정산분,579000.0,김대리,2025-08-23 12:23:00
JV02368,2025-08-22,광고선전비,광고선전비 08월 정산분,50000.0,정부장,2025-08-26 14:47:00
JV00090,2025-08-22,지급수수료,지급수수료 08월 정산분,6085000.0,이차장,2025-08-26 14:50:00
JV02138,2025-08-22,매출,매출 08월 정산분,222000.0,이차장,2025-08-22 10:06:00
JV02549,2025-08-22,매출원가,매출원가 08월 정산분,573000.0,최사원,2025-08-23 16:25:00
JV01065,2025-08-22,매출원가,매출원가 08월 정산분,312000.0,최사원,2025-08-26 18:05:00
JV00531,2025-08-22,선급비용,선급비용 08월 정산분,381000.0,김대리,2025-08-26 17:21:00
JV01810,2025-08-22,미지급비용,미지급비용 08월 정산분,258000.0,박과장,2025-08-25 14:59:00
JV01104,2025-08-22,소모품비,소모품비 08월 정산분,109000.0,박과장,2025-08-25 13:57:00
JV00172,2025-08-23,미지급비용,미지급비용 08월 정산분,188000.0,박과장,2025-08-23 09:10:00
JV02375,2025-08-23,매출원가,매출원가 08월 정산분,268000.0,최사원,2025-08-23 15:57:00
JV00910,2025-08-23,복리후생비,복리후생비 08월 정산분,498000.0,박과장,2025-08-23 18:52:00
JV00401,2025-08-23,선급비용,선급비용 08월 정산분,226000.0,박과장,2025-08-25 13:03:00
JV00602,2025-08-23,매출,매출 08월 정산분,681000.0,김대리,2025-08-26 12:11:00
JV00824,2025-08-23,매출원가,매출원가 08월 정산분,306000.0,박과장,2025-08-24 18:22:00
JV00103,2025-08-23,매출원가,매출원가 08월 정산분,667000.0,박과장,2025-08-23 09:54:00
JV01040,2025-08-23,지급수수료,지급수수료 08월 정산분,23000.0,박과장,2025-08-24 09:23:00
JV00588,2025-08-24,매출,매출 08월 정산분,158000.0,김대리,2025-08-25 12:33:00
JV00235,2025-08-24,여비교통비,여비교통비 08월 정산분,319000.0,정부장,2025-08-26 12:07:00
JV01993,2025-08-24,광고선전비,광고선전비 08월 정산분,1156000.0,박과장,2025-08-24 15:28:00
JV02762,2025-08-24,소모품비,소모품비 08월 정산분,441000.0,박과장,2025-08-26 09:48:00
JV02187,2025-08-24,소모품비,소모품비 08월 정산분,5825000.0,이차장,2025-08-28 08:31:00
JV02671,2025-08-25,외주가공비,외주가공비 08월 정산분,41000.0,최사원,2025-08-29 15:10:00
JV02145,2025-08-25,미지급비용,미지급비용 08월 정산분,182000.0,김대리,2025-08-26 14:46:00
JV01891,2025-08-25,복리후생비,복리후생비 08월 정산분,3603000.0,박과장,2025-08-28 16:27:00
JV01829,2025-08-25,여비교통비,여비교통비 08월 정산분,32000.0,박과장,2025-08-29 09:55:00
JV01398,2025-08-25,매출,매출 08월 정산분,4117000.0,이차장,2025-08-25 16:10:00
JV02814,2025-08-25,매출원가,매출원가 08월 정산분,259000.0,최사원,2025-08-26 11:48:00
JV02900,2025-08-25,매출,매출 08월 정산분,166000.0,박과장,2025-08-25 16:35:00
JV02586,2025-08-26,지급수수료,지급수수료 08월 정산분,1605000.0,최사원,2025-08-30 11:46:00
JV02265,2025-08-26,지급수수료,지급수수료 08월 정산분,322000.0,이차장,2025-08-29 17:13:00
JV02653,2025-08-26,광고선전비,광고선전비 08월 정산분,2831000.0,김대리,2025-06-14 01:00:00
JV00474,2025-08-26,매출,매출 08월 정산분,555000.0,박과장,2025-08-30 18:39:00
JV01791,2025-08-26,여비교통비,여비교통비 08월 정산분,162000.0,박과장,2025-08-30 15:09:00
JV01761,2025-08-27,접대비,접대비 08월 정산분,4444000.0,김대리,2025-08-30 11:40:00
JV02181,2025-08-27,매출원가,매출원가 08월 정산분,82000.0,김대리,2025-08-27 10:34:00
JV00909,2025-08-27,미지급비용,미지급비용 08월 정산분,745000.0,이차장,2025-08-29 14:49:00
JV02938,2025-08-27,접대비,접대비 08월 정산분,3447000.0,박과장,2025-08-28 15:40:00
JV02204,2025-08-27,여비교통비,여비교통비 08월 정산분,1873000.0,김대리,2025-08-29 08:30:00
JV02700,2025-08-28,접대비,접대비 08월 정산분,507000.0,김대리,2025-09-01 15:39:00
JV00851,2025-08-28,매출원가,매출원가 08월 정산분,290000.0,김대리,2025-08-29 18:57:00
JV01951,2025-08-28,소모품비,소모품비 08월 정산분,124000.0,김대리,2025-08-30 12:55:00
JV01084,2025-08-28,매출원가,매출원가 08월 정산분,2645000.0,김대리,2025-08-29 09:22:00
JV01940,2025-08-28,매출원가,매출원가 08월 정산분,2708000.0,시스템,2025-08-28 13:03:00
JV02765,2025-08-28,복리후생비,복리후생비 08월 정산분,280000.0,최사원,2025-08-31 16:42:00
JV02494,2025-08-28,소모품비,소모품비 08월 정산분,134000.0,박과장,2025-09-01 09:41:00
JV02286,2025-08-28,접대비,접대비 08월 정산분,134000.0,이차장,2025-08-28 12:29:00
JV00488,2025-08-28,선급비용,선급비용 08월 정산분,524000.0,김대리,2025-08-31 16:08:00
JV01879,2025-08-28,지급수수료,지급수수료 08월 정산분,133000.0,정부장,2025-08-30 17:29:00
JV01681,2025-08-29,미지급비용,미지급비용 08월 정산분,723000.0,최사원,2025-08-31 10:16:00
JV00204,2025-08-29,소모품비,소모품비 08월 정산분,605000.0,최사원,2025-08-29 16:08:00
JV01015,2025-08-29,매출원가,매출원가 08월 정산분,3554000.0,김대리,2025-08-30 12:10:00
JV00404,2025-08-29,선급비용,선급비용 08월 정산분,900000.0,김대리,2025-08-30 14:32:00
JV02415,2025-08-29,광고선전비,광고선전비 08월 정산분,745000.0,박과장,2025-08-29 09:35:00
JV02624,2025-08-29,접대비,접대비 08월 정산분,31117000.0,이차장,2025-08-31 15:10:00
JV00107,2025-08-29,지급수수료,지급수수료 08월 정산분,1775000.0,최사원,2025-09-02 09:46:00
JV00336,2025-08-29,매출원가,매출원가 08월 정산분,956000.0,최사원,2025-08-31 16:02:00
JV00697,2025-08-29,외주가공비,외주가공비 08월 정산분,9800000.0,이차장,2025-08-29 13:21:00
JV02786,2025-08-29,복리후생비,복리후생비 08월 정산분,227000.0,박과장,2025-08-29 10:30:00
JV01924,2025-08-29,소모품비,소모품비 08월 정산분,2688000.0,김대리,2025-09-01 09:45:00
JV02709,2025-08-29,매출,매출 08월 정산분,964000.0,이차장,2025-09-01 18:44:00
JV01627,2025-08-29,광고선전비,광고선전비 08월 정산분,453000.0,정부장,2025-06-21 01:00:00
JV02733,2025-08-30,지급수수료,지급수수료 08월 정산분,3136000.0,박과장,2025-09-01 08:43:00
JV02628,2025-08-30,선급비용,선급비용 08월 정산분,88000.0,박과장,2025-08-30 13:20:00
JV00496,2025-08-30,매출원가,매출원가 08월 정산분,112000.0,박과장,2025-09-03 13:02:00
JV00433,2025-08-30,외주가공비,외주가공비 08월 정산분,524000.0,박과장,2025-09-02 11:17:00
JV01504,2025-08-30,여비교통비,여비교통비 08월 정산분,102000.0,이차장,2025-08-30 17:24:00
JV00503,2025-08-30,복리후생비,복리후생비 08월 정산분,2608000.0,박과장,2025-09-01 12:07:00
JV00148,2025-08-30,선급비용,선급비용 08월 정산분,184000.0,김대리,2025-09-02 08:30:00
JV00555,2025-08-30,매출원가,매출원가 08월 정산분,4286000.0,박과장,2025-08-30 12:48:00
JV02829,2025-08-30,선급비용,선급비용 08월 정산분,815000.0,김대리,2025-09-03 09:57:00
JV00454,2025-08-30,복리후생비,복리후생비 08월 정산분,176000.0,박과장,2025-09-01 14:10:00
JV00475,2025-08-30,광고선전비,광고선전비 08월 정산분,352000.0,이차장,2025-08-30 18:49:00
JV01883,2025-08-31,소모품비,소모품비 08월 정산분,173000.0,박과장,2025-09-01 16:46:00
JV02042,2025-08-31,외주가공비,외주가공비 08월 정산분,1017000.0,박과장,2025-08-31 09:33:00
JV02620,2025-08-31,매출원가,매출원가 08월 정산분,113000.0,박과장,2025-09-03 18:17:00
JV01689,2025-08-31,매출원가,매출원가 08월 정산분,718000.0,이차장,2025-09-02 09:02:00
JV01609,2025-08-31,미지급비용,미지급비용 08월 정산분,375000.0,이차장,2025-09-04 12:27:00
JV01154,2025-08-31,복리후생비,복리후생비 08월 정산분,79000.0,김대리,2025-09-03 15:05:00
JV02833,2025-08-31,복리후생비,복리후생비 08월 정산분,1389000.0,최사원,2025-09-03 14:30:00
JV00952,2025-08-31,지급수수료,지급수수료 08월 정산분,14000.0,이차장,2025-09-04 12:39:00
JV02594,2025-08-31,매출원가,매출원가 08월 정산분,1815000.0,최사원,2025-09-04 15:56:00
JV00079,2025-08-31,매출원가,매출원가 08월 정산분,2534000.0,박과장,2025-09-02 11:04:00
JV02547,2025-09-01,여비교통비,여비교통비 09월 정산분,184000.0,최사원,2025-09-05 17:06:00
JV01150,2025-09-01,외주가공비,외주가공비 09월 정산분,912000.0,박과장,2025-09-04 14:17:00
JV01180,2025-09-01,소모품비,소모품비 09월 정산분,1420000.0,이차장,2025-09-03 13:05:00
JV00838,2025-09-02,미지급비용,미지급비용 09월 정산분,880000.0,정부장,2025-09-04 16:50:00
JV00720,2025-09-02,매출원가,매출원가 09월 정산분,209000.0,박과장,2025-09-05 15:24:00
JV01986,2025-09-02,복리후생비,복리후생비 09월 정산분,415000.0,최사원,2025-09-06 12:15:00
JV01623,2025-09-03,지급수수료,지급수수료 09월 정산분,862000.0,박과장,2025-09-07 11:48:00
JV02478,2025-09-03,소모품비,소모품비 09월 정산분,2790000.0,박과장,2025-09-05 11:22:00
JV01650,2025-09-03,매출원가,매출원가 09월 정산분,231000.0,박과장,2025-09-04 18:11:00
JV02830,2025-09-03,소모품비,소모품비 09월 정산분,478000.0,이차장,2025-09-06 08:34:00
JV01143,2025-09-03,외주가공비,외주가공비 09월 정산분,9950000.0,이차장,2025-09-04 08:30:00
JV02066,2025-09-03,매출,매출 09월 정산분,1895000.0,박과장,2025-09-06 13:02:00
JV02788,2025-09-03,미지급비용,미지급비용 09월 정산분,310000.0,김대리,2025-09-05 11:09:00
JV00142,2025-09-03,지급수수료,지급수수료 09월 정산분,3454000.0,최사원,2025-09-03 13:07:00
JV01797,2025-09-03,여비교통비,여비교통비 09월 정산분,5705000.0,최사원,2025-09-05 17:03:00
JV00562,2025-09-04,매출원가,매출원가 09월 정산분,4799000.0,시스템,2025-09-07 16:43:00
JV00126,2025-09-04,선급비용,선급비용 09월 정산분,512000.0,김대리,2025-09-07 08:41:00
JV01445,2025-09-04,미지급비용,미지급비용 09월 정산분,68000.0,최사원,2025-09-07 11:06:00
JV02956,2025-09-04,선급비용,선급비용 09월 정산분,2003000.0,이차장,2025-09-06 14:52:00
JV00306,2025-09-04,외주가공비,외주가공비 09월 정산분,9900000.0,이차장,2025-09-07 13:08:00
JV02927,2025-09-04,지급수수료,지급수수료 09월 정산분,1322000.0,최사원,2025-09-07 14:08:00
JV02357,2025-09-04,선급비용,선급비용 09월 정산분,3073000.0,김대리,2025-09-06 13:32:00
JV01794,2025-09-04,외주가공비,외주가공비 09월 정산분,609000.0,김대리,2025-09-07 16:12:00
JV03000,2025-09-04,미지급비용,미지급비용 09월 정산분,102000.0,최사원,2025-09-05 17:06:00
JV02081,2025-09-05,여비교통비,여비교통비 09월 정산분,234000.0,김대리,2025-09-05 09:56:00
JV02227,2025-09-05,지급수수료,지급수수료 09월 정산분,182000.0,최사원,2025-09-05 09:16:00
JV02795,2025-09-05,매출원가,매출원가 09월 정산분,4950000.0,박과장,2025-09-05 10:49:00
JV01777,2025-09-05,여비교통비,여비교통비 09월 정산분,1319000.0,김대리,2025-09-07 10:14:00
JV00751,2025-09-05,소모품비,소모품비 09월 정산분,1866000.0,최사원,2025-09-07 11:55:00
JV00392,2025-09-05,복리후생비,복리후생비 09월 정산분,306000.0,박과장,2025-09-07 18:20:00
JV01182,2025-09-05,소모품비,소모품비 09월 정산분,847000.0,최사원,2025-09-07 10:28:00
JV00954,2025-09-05,접대비,접대비 09월 정산분,229000.0,박과장,2025-09-06 12:24:00
JV01600,2025-09-05,여비교통비,여비교통비 09월 정산분,1269000.0,김대리,2025-09-09 12:05:00
JV02949,2025-09-05,광고선전비,광고선전비 09월 정산분,1393000.0,김대리,2025-09-07 11:40:00
JV01011,2025-09-05,광고선전비,광고선전비 09월 정산분,677000.0,최사원,2025-09-08 14:10:00
JV02676,2025-09-05,접대비,접대비 09월 정산분,1309000.0,박과장,2025-09-06 12:41:00
JV00908,2025-09-05,미지급비용,미지급비용 09월 정산분,464000.0,박과장,2025-09-09 14:54:00
JV00351,2025-09-05,복리후생비,복리후생비 09월 정산분,1987000.0,최사원,2025-09-06 13:37:00
JV00655,2025-09-05,접대비,접대비 09월 정산분,354000.0,이차장,2025-09-08 10:22:00
JV02680,2025-09-05,지급수수료,지급수수료 09월 정산분,364000.0,김대리,2025-09-05 09:58:00
JV02610,2025-09-06,매출,매출 09월 정산분,80000.0,최사원,2025-09-07 11:04:00
JV00786,2025-09-06,광고선전비,광고선전비 09월 정산분,136000.0,김대리,2025-09-07 10:12:00
JV00305,2025-09-06,지급수수료,지급수수료 09월 정산분,1029000.0,김대리,2025-09-08 12:43:00
JV02601,2025-09-06,잡비,잡비 09월 정산분,1001000.0,김대리,2025-09-07 18:50:00
JV00497,2025-09-06,접대비,접대비 09월 정산분,254000.0,이차장,2025-09-10 13:29:00
JV02848,2025-09-06,소모품비,소모품비 09월 정산분,450000.0,김대리,2025-09-10 17:10:00
JV01173,2025-09-06,여비교통비,여비교통비 09월 정산분,10000000.0,김대리,2025-09-07 11:31:00
JV02445,2025-09-06,지급수수료,지급수수료 09월 정산분,44000.0,박과장,2025-09-08 10:26:00
JV02977,2025-09-06,미지급비용,미지급비용 09월 정산분,1465000.0,최사원,2025-09-06 09:44:00
JV02850,2025-09-06,매출원가,매출원가 09월 정산분,301000.0,최사원,2025-09-06 10:34:00
JV01224,2025-09-06,매출,매출 09월 정산분,1803000.0,김대리,2025-09-10 18:56:00
JV01559,2025-09-06,매출원가,매출원가 09월 정산분,641000.0,시스템,2025-09-08 09:22:00
JV00211,2025-09-07,잡비,잡비 09월 정산분,73000.0,김대리,2025-09-08 17:32:00
JV01036,2025-09-07,선급비용,선급비용 09월 정산분,1497000.0,김대리,2025-09-09 16:37:00
JV00216,2025-09-07,매출원가,매출원가 09월 정산분,305000.0,김대리,2025-09-08 11:33:00
JV00003,2025-09-07,지급수수료,지급수수료 09월 정산분,101000.0,최사원,2025-09-11 10:47:00
JV00990,2025-09-08,외주가공비,외주가공비 09월 정산분,3125000.0,이차장,2025-09-09 17:43:00
JV02546,2025-09-08,소모품비,소모품비 09월 정산분,704000.0,김대리,2025-09-09 12:20:00
JV01403,2025-09-08,복리후생비,복리후생비 09월 정산분,493000.0,김대리,2025-09-11 08:51:00
JV01895,2025-09-08,소모품비,소모품비 09월 정산분,127000.0,김대리,2025-09-11 18:16:00
JV01240,2025-09-08,여비교통비,여비교통비 09월 정산분,185000.0,박과장,2025-09-10 15:54:00
JV00101,2025-09-08,매출,매출 09월 정산분,270000.0,이차장,2025-09-08 12:14:00
JV01438,2025-09-08,매출원가,매출원가 09월 정산분,2941000.0,박과장,2025-09-10 16:44:00
JV01831,2025-09-08,선급비용,선급비용 09월 정산분,124000.0,김대리,2025-09-08 17:20:00
JV02945,2025-09-08,매출원가,매출원가 09월 정산분,255000.0,박과장,2025-09-12 17:26:00
JV00459,2025-09-08,지급수수료,지급수수료 09월 정산분,605000.0,정부장,2025-09-10 15:13:00
JV02321,2025-09-09,선급비용,선급비용 09월 정산분,1679000.0,박과장,2025-09-12 15:51:00
JV01663,2025-09-09,지급수수료,지급수수료 09월 정산분,1154000.0,정부장,2025-09-13 15:28:00
JV01822,2025-09-10,매출,매출 09월 정산분,140000.0,김대리,2025-09-14 08:24:00
JV02497,2025-09-10,미지급비용,미지급비용 09월 정산분,4141000.0,김대리,2025-09-11 18:24:00
JV02039,2025-09-10,매출원가,매출원가 09월 정산분,544000.0,김대리,2025-09-12 16:30:00
JV02191,2025-09-10,소모품비,소모품비 09월 정산분,175000.0,이차장,2025-09-10 10:38:00
JV00070,2025-09-10,소모품비,소모품비 09월 정산분,107000.0,박과장,2025-09-11 16:23:00
JV00832,2025-09-10,매출,매출 09월 정산분,219000.0,최사원,2025-09-10 14:03:00
JV01570,2025-09-11,지급수수료,지급수수료 09월 정산분,241000.0,최사원,2025-09-14 08:03:00
JV02156,2025-09-11,미지급비용,미지급비용 09월 정산분,2597000.0,김대리,2025-09-11 10:45:00
JV01198,2025-09-11,매출,매출 09월 정산분,1684000.0,최사원,2025-09-14 12:26:00
JV00363,2025-09-11,외주가공비,외주가공비 09월 정산분,360000.0,이차장,2025-09-14 11:14:00
JV01971,2025-09-11,접대비,접대비 09월 정산분,3562000.0,박과장,2025-09-11 16:46:00
JV02672,2025-09-11,매출,매출 09월 정산분,705000.0,정부장,2025-09-12 16:52:00
JV02933,2025-09-12,매출원가,매출원가 09월 정산분,901000.0,김대리,2025-09-13 16:37:00
JV02778,2025-09-12,잡비,잡비 09월 정산분,125000.0,김대리,2025-06-21 01:00:00
JV01855,2025-09-12,매출,매출 09월 정산분,511000.0,김대리,2025-09-12 16:14:00
JV01674,2025-09-12,미지급비용,미지급비용 09월 정산분,2973000.0,김대리,2025-09-16 11:35:00
JV01435,2025-09-12,복리후생비,복리후생비 09월 정산분,2222000.0,박과장,2025-09-16 16:10:00
JV01479,2025-09-12,미지급비용,미지급비용 09월 정산분,2413000.0,김대리,2025-09-14 17:39:00
JV01910,2025-09-12,지급수수료,지급수수료 09월 정산분,797000.0,이차장,2025-09-12 12:39:00
JV02824,2025-09-12,매출,매출 09월 정산분,724000.0,최사원,2025-09-12 17:12:00
JV02662,2025-09-12,접대비,접대비 09월 정산분,1099000.0,김대리,2025-09-13 13:00:00
JV01294,2025-09-12,미지급비용,미지급비용 09월 정산분,247000.0,김대리,2025-09-15 14:16:00
JV00355,2025-09-13,지급수수료,지급수수료 09월 정산분,279000.0,이차장,2025-09-15 11:32:00
JV00037,2025-09-13,소모품비,소모품비 09월 정산분,455000.0,김대리,2025-09-15 18:44:00
JV02049,2025-09-13,미지급비용,미지급비용 09월 정산분,413000.0,이차장,2025-09-13 11:35:00
JV01461,2025-09-13,여비교통비,여비교통비 09월 정산분,15852000.0,김대리,2025-09-17 11:24:00
JV00785,2025-09-13,복리후생비,복리후생비 09월 정산분,6792000.0,박과장,2025-09-13 13:17:00
JV02479,2025-09-13,외주가공비,외주가공비 09월 정산분,883000.0,이차장,2025-09-13 08:34:00
JV02803,2025-09-13,매출원가,매출원가 09월 정산분,4350000.0,최사원,2025-09-14 18:19:00
JV02980,2025-09-13,복리후생비,복리후생비 09월 정산분,402000.0,최사원,2025-09-14 09:32:00
JV01250,2025-09-14,매출원가,매출원가 09월 정산분,839000.0,박과장,2025-09-17 08:08:00
JV01726,2025-09-14,매출원가,매출원가 09월 정산분,577000.0,정부장,2025-09-14 10:49:00
JV02075,2025-09-14,매출원가,매출원가 09월 정산분,139000.0,최사원,2025-09-14 10:40:00
JV02426,2025-09-14,외주가공비,외주가공비 09월 정산분,2312000.0,박과장,2025-09-17 13:09:00
JV01611,2025-09-14,소모품비,소모품비 09월 정산분,446000.0,최사원,2025-09-17 17:51:00
JV01457,2025-09-14,매출원가,매출원가 09월 정산분,309000.0,김대리,2025-09-18 11:15:00
JV02613,2025-09-14,여비교통비,여비교통비 09월 정산분,3111000.0,이차장,2025-09-16 15:03:00
JV00822,2025-09-14,광고선전비,광고선전비 09월 정산분,854000.0,박과장,2025-09-14 17:51:00
JV01327,2025-09-15,접대비,접대비 09월 정산분,3579000.0,김대리,2025-09-15 15:29:00
JV02318,2025-09-15,여비교통비,여비교통비 09월 정산분,1521000.0,박과장,2025-09-18 08:01:00
JV02757,2025-09-15,소모품비,소모품비 09월 정산분,364000.0,김대리,2025-09-15 09:24:00
JV02427,2025-09-15,매출,매출 09월 정산분,1699000.0,최사원,2025-09-17 08:27:00
JV01279,2025-09-15,매출원가,매출원가 09월 정산분,475000.0,정부장,2025-09-18 18:46:00
JV00943,2025-09-15,매출,매출 09월 정산분,849000.0,박과장,2025-09-18 14:07:00
JV02869,2025-09-15,미지급비용,미지급비용 09월 정산분,187000.0,김대리,2025-09-17 09:50:00
JV00729,2025-09-15,지급수수료,지급수수료 09월 정산분,142000.0,정부장,2025-09-19 16:13:00
JV00379,2025-09-15,잡비,잡비 09월 정산분,130000.0,김대리,2025-09-18 14:07:00
JV01022,2025-09-15,매출원가,매출원가 09월 정산분,1160000.0,박과장,2025-09-18 18:07:00
JV01698,2025-09-15,매출원가,매출원가 09월 정산분,3066000.0,이차장,2025-09-15 18:27:00
JV00896,2025-09-16,매출,매출 09월 정산분,1595000.0,박과장,2025-09-16 10:31:00
JV01577,2025-09-16,복리후생비,복리후생비 09월 정산분,83000.0,최사원,2025-09-17 09:18:00
JV02528,2025-09-16,매출,매출 09월 정산분,849000.0,박과장,2025-09-20 17:13:00
JV01875,2025-09-16,지급수수료,지급수수료 09월 정산분,17749000.0,이차장,2025-09-20 15:09:00
JV02604,2025-09-16,매출원가,매출원가 09월 정산분,300000.0,이차장,2025-09-16 11:46:00
JV00782,2025-09-16,선급비용,선급비용 09월 정산분,733000.0,김대리,2025-09-19 10:53:00
JV00089,2025-09-16,접대비,접대비 09월 정산분,129000.0,이차장,2025-09-19 13:56:00
JV01070,2025-09-16,미지급비용,미지급비용 09월 정산분,1382000.0,김대리,2025-09-20 11:46:00
JV01754,2025-09-16,매출원가,매출원가 09월 정산분,779000.0,이차장,2025-09-19 13:21:00
JV00552,2025-09-17,외주가공비,외주가공비 09월 정산분,2856000.0,정부장,2025-09-20 15:32:00
JV02117,2025-09-17,미지급비용,미지급비용 09월 정산분,120000.0,최사원,2025-09-18 09:43:00
JV00507,2025-09-17,복리후생비,복리후생비 09월 정산분,2235000.0,최사원,2025-09-18 10:23:00
JV02404,2025-09-17,매출원가,매출원가 09월 정산분,4424000.0,이차장,2025-09-20 12:28:00
JV01562,2025-09-18,지급수수료,지급수수료 09월 정산분,111000.0,박과장,2025-09-20 16:35:00
JV00291,2025-09-18,매출원가,매출원가 09월 정산분,253000.0,정부장,2025-09-20 10:35:00
JV02550,2025-09-18,여비교통비,여비교통비 09월 정산분,879000.0,김대리,2025-09-21 14:31:00
JV02726,2025-09-18,매출,매출 09월 정산분,296000.0,김대리,2025-09-19 08:03:00
JV01854,2025-09-18,미지급비용,미지급비용 09월 정산분,775000.0,이차장,2025-09-22 14:08:00
JV02517,2025-09-18,미지급비용,미지급비용 09월 정산분,324000.0,김대리,2025-09-18 13:44:00
JV00940,2025-09-18,접대비,접대비 09월 정산분,706000.0,박과장,2025-09-18 09:31:00
JV00181,2025-09-18,매출원가,매출원가 09월 정산분,14457000.0,최사원,2025-09-21 18:22:00
JV02585,2025-09-18,여비교통비,여비교통비 09월 정산분,1704000.0,박과장,2025-09-22 16:37:00
JV00646,2025-09-18,소모품비,소모품비 09월 정산분,1341000.0,최사원,2025-09-18 11:56:00
JV01783,2025-09-19,외주가공비,외주가공비 09월 정산분,9900000.0,이차장,2025-09-20 10:52:00
JV00308,2025-09-19,매출원가,매출원가 09월 정산분,1914000.0,시스템,2025-09-21 11:41:00
JV01283,2025-09-19,복리후생비,복리후생비 09월 정산분,919000.0,최사원,2025-09-23 11:18:00
JV02432,2025-09-19,접대비,접대비 09월 정산분,31120000.0,김대리,2025-09-22 10:27:00
JV01249,2025-09-19,여비교통비,여비교통비 09월 정산분,88000.0,최사원,2025-09-22 16:19:00
JV02258,2025-09-19,접대비,접대비 09월 정산분,141000.0,박과장,2025-09-19 11:53:00
JV02944,2025-09-19,매출,매출 09월 정산분,1697000.0,이차장,2025-09-19 13:25:00
JV00025,2025-09-20,지급수수료,지급수수료 09월 정산분,147000.0,김대리,2025-09-21 15:14:00
JV02140,2025-09-20,접대비,접대비 09월 정산분,75000.0,김대리,2025-09-22 08:09:00
JV02128,2025-09-20,외주가공비,외주가공비 09월 정산분,1168000.0,박과장,2025-09-23 13:15:00
JV02518,2025-09-20,외주가공비,외주가공비 09월 정산분,3264000.0,김대리,2025-09-22 09:47:00
JV01849,2025-09-20,매출원가,매출원가 09월 정산분,396000.0,최사원,2025-09-24 18:11:00
JV00195,2025-09-20,지급수수료,지급수수료 09월 정산분,469000.0,김대리,2025-09-22 11:55:00
JV01960,2025-09-20,매출원가,매출원가 09월 정산분,251000.0,김대리,2025-09-20 11:10:00
JV00686,2025-09-20,미지급비용,미지급비용 09월 정산분,1372000.0,박과장,2025-09-24 12:33:00
JV01735,2025-09-20,광고선전비,광고선전비 09월 정산분,174000.0,김대리,2025-09-23 11:49:00
JV00835,2025-09-20,복리후생비,복리후생비 09월 정산분,198000.0,김대리,2025-09-23 09:15:00
JV00858,2025-09-20,미지급비용,미지급비용 09월 정산분,735000.0,정부장,2025-09-23 10:36:00
JV02054,2025-09-20,선급비용,선급비용 09월 정산분,113000.0,최사원,2025-09-23 13:43:00
JV01223,2025-09-21,지급수수료,지급수수료 09월 정산분,396000.0,박과장,2025-09-21 13:10:00
JV00628,2025-09-21,복리후생비,복리후생비 09월 정산분,397000.0,정부장,2025-09-24 16:50:00
JV00464,2025-09-21,광고선전비,광고선전비 09월 정산분,81000.0,이차장,2025-09-24 16:14:00
JV00610,2025-09-21,매출원가,매출원가 09월 정산분,382000.0,시스템,2025-09-25 13:48:00
JV00073,2025-09-21,매출,매출 09월 정산분,487000.0,박과장,2025-09-25 17:18:00
JV00590,2025-09-21,매출,매출 09월 정산분,83000.0,김대리,2025-09-24 15:22:00
JV02920,2025-09-21,매출,매출 09월 정산분,2268000.0,정부장,2025-09-21 16:23:00
JV01451,2025-09-21,외주가공비,외주가공비 09월 정산분,2805000.0,김대리,2025-09-24 16:26:00
JV02638,2025-09-22,매출,매출 09월 정산분,1665000.0,김대리,2025-09-25 12:23:00
JV02649,2025-09-22,외주가공비,외주가공비 09월 정산분,1574000.0,이차장,2025-09-23 10:38:00
JV00565,2025-09-22,광고선전비,광고선전비 09월 정산분,1117000.0,최사원,2025-09-24 11:31:00
JV01705,2025-09-22,외주가공비,외주가공비 09월 정산분,1235000.0,김대리,2025-09-26 08:26:00
JV01201,2025-09-22,광고선전비,광고선전비 09월 정산분,112000.0,김대리,2025-09-22 15:46:00
JV01292,2025-09-22,지급수수료,지급수수료 09월 정산분,568000.0,김대리,2025-09-24 12:16:00
JV00250,2025-09-22,지급수수료,지급수수료 09월 정산분,2119000.0,이차장,2025-09-25 16:19:00
JV01196,2025-09-22,매출원가,매출원가 09월 정산분,2515000.0,최사원,2025-09-23 11:49:00
JV02871,2025-09-22,지급수수료,지급수수료 09월 정산분,1120000.0,최사원,2025-09-25 09:17:00
JV02867,2025-09-22,미지급비용,미지급비용 09월 정산분,144000.0,최사원,2025-09-26 15:06:00
JV00556,2025-09-23,매출원가,매출원가 09월 정산분,265000.0,박과장,2025-09-24 12:04:00
JV00097,2025-09-23,매출,매출 09월 정산분,2817000.0,김대리,2025-09-27 14:42:00
JV01929,2025-09-23,복리후생비,복리후생비 09월 정산분,34000.0,박과장,2025-09-24 11:11:00
JV01949,2025-09-23,지급수수료,지급수수료 09월 정산분,213000.0,김대리,2025-09-23 16:05:00
JV02820,2025-09-23,소모품비,소모품비 09월 정산분,1796000.0,김대리,2025-09-25 08:37:00
JV02442,2025-09-23,매출원가,매출원가 09월 정산분,311000.0,최사원,2025-09-23 09:35:00
JV00205,2025-09-23,매출원가,매출원가 09월 정산분,3879000.0,최사원,2025-09-24 16:29:00
JV00848,2025-09-23,지급수수료,지급수수료 09월 정산분,368000.0,박과장,2025-09-24 17:37:00
JV00317,2025-09-24,미지급비용,미지급비용 09월 정산분,133000.0,이차장,2025-09-28 08:21:00
JV00862,2025-09-24,매출,매출 09월 정산분,946000.0,김대리,2025-09-26 12:08:00
JV02023,2025-09-24,소모품비,소모품비 09월 정산분,2600000.0,김대리,2025-09-24 11:55:00
JV02229,2025-09-24,복리후생비,복리후생비 09월 정산분,761000.0,최사원,2025-09-28 09:16:00
JV01877,2025-09-24,접대비,접대비 09월 정산분,570000.0,정부장,2025-09-28 16:36:00
JV01933,2025-09-24,외주가공비,외주가공비 09월 정산분,95000.0,김대리,2025-09-26 09:58:00
JV00689,2025-09-24,여비교통비,여비교통비 09월 정산분,9720000.0,박과장,2025-09-28 15:42:00
JV00358,2025-09-24,접대비,접대비 09월 정산분,674000.0,김대리,2025-09-25 15:11:00
JV01900,2025-09-24,복리후생비,복리후생비 09월 정산분,191000.0,정부장,2025-09-26 16:57:00
JV01306,2025-09-24,매출원가,매출원가 09월 정산분,786000.0,최사원,2025-09-27 15:37:00
JV02122,2025-09-24,광고선전비,광고선전비 09월 정산분,767000.0,이차장,2025-09-27 18:24:00
JV01028,2025-09-25,매출원가,매출원가 09월 정산분,4910000.0,박과장,2025-09-25 08:28:00
JV01428,2025-09-25,외주가공비,외주가공비 09월 정산분,14000.0,김대리,2025-09-25 17:27:00
JV01525,2025-09-25,매출원가,매출원가 09월 정산분,443000.0,김대리,2025-09-28 17:49:00
JV02480,2025-09-25,외주가공비,외주가공비 09월 정산분,1151000.0,이차장,2025-09-25 12:07:00
JV00535,2025-09-25,매출원가,매출원가 09월 정산분,2151000.0,최사원,2025-09-28 15:41:00
JV01805,2025-09-25,소모품비,소모품비 09월 정산분,1655000.0,이차장,2025-09-27 11:49:00
JV00349,2025-09-26,매출원가,매출원가 09월 정산분,1135000.0,박과장,2025-09-26 18:40:00
JV02115,2025-09-26,복리후생비,복리후생비 09월 정산분,23696000.0,정부장,2025-09-26 13:23:00
JV02492,2025-09-26,소모품비,소모품비 09월 정산분,119000.0,시스템,2025-09-26 12:59:00
JV01641,2025-09-26,여비교통비,여비교통비 09월 정산분,86000.0,박과장,2025-09-29 16:47:00
JV02401,2025-09-26,매출,매출 09월 정산분,2825000.0,박과장,2025-09-28 16:12:00
JV00755,2025-09-26,외주가공비,외주가공비 09월 정산분,2874000.0,박과장,2025-09-29 12:22:00
JV00847,2025-09-26,소모품비,소모품비 09월 정산분,995000.0,김대리,2025-09-26 08:51:00
JV00788,2025-09-26,소모품비,소모품비 09월 정산분,376000.0,김대리,2025-09-29 17:52:00
JV02937,2025-09-26,선급비용,선급비용 09월 정산분,960000.0,김대리,2025-09-27 16:52:00
JV02522,2025-09-26,매출원가,매출원가 09월 정산분,1475000.0,박과장,2025-09-26 09:48:00
JV01548,2025-09-26,소모품비,소모품비 09월 정산분,2113000.0,박과장,2025-09-27 10:55:00
JV00533,2025-09-27,매출,매출 09월 정산분,515000.0,정부장,2025-09-27 14:07:00
JV01598,2025-09-27,매출,매출 09월 정산분,1711000.0,최사원,2025-10-01 10:33:00
JV01334,2025-09-27,지급수수료,지급수수료 09월 정산분,605000.0,김대리,2025-09-30 11:28:00
JV00092,2025-09-28,소모품비,소모품비 09월 정산분,7111000.0,김대리,2025-09-30 10:26:00
JV00365,2025-09-28,매출원가,매출원가 09월 정산분,1046000.0,박과장,2025-10-02 16:49:00
JV01683,2025-09-28,복리후생비,복리후생비 09월 정산분,406000.0,김대리,2025-09-29 18:53:00
JV02289,2025-09-28,매출원가,매출원가 09월 정산분,164000.0,이차장,2025-10-01 14:50:00
JV01953,2025-09-28,매출,매출 09월 정산분,570000.0,김대리,2025-10-02 17:55:00
JV02760,2025-09-28,매출,매출 09월 정산분,319000.0,최사원,2025-10-02 11:47:00
JV01288,2025-09-28,소모품비,소모품비 09월 정산분,248000.0,이차장,2025-09-29 14:34:00
JV00701,2025-09-29,여비교통비,여비교통비 09월 정산분,992000.0,정부장,2025-10-03 17:58:00
JV02976,2025-09-29,소모품비,소모품비 09월 정산분,11182000.0,최사원,2025-10-02 14:41:00
JV02029,2025-09-29,접대비,접대비 09월 정산분,1059000.0,최사원,2025-09-29 16:43:00
JV02796,2025-09-29,여비교통비,여비교통비 09월 정산분,246000.0,이차장,2025-10-03 16:56:00
JV00918,2025-09-29,소모품비,소모품비 09월 정산분,2237000.0,박과장,2025-09-30 14:58:00
JV00891,2025-09-29,미지급비용,미지급비용 09월 정산분,4000.0,박과장,2025-10-01 10:24:00
JV00233,2025-09-29,접대비,접대비 09월 정산분,31000.0,박과장,2025-09-29 14:55:00
JV02230,2025-09-29,미지급비용,미지급비용 09월 정산분,2624000.0,김대리,2025-10-02 11:28:00
JV01807,2025-09-29,잡비,잡비 09월 정산분,6791000.0,박과장,2025-10-03 13:57:00
JV00282,2025-09-29,외주가공비,외주가공비 09월 정산분,3741000.0,박과장,2025-10-03 15:32:00
JV02251,2025-09-29,매출,매출 09월 정산분,601000.0,시스템,2025-06-07 05:00:00
JV00301,2025-09-30,미지급비용,미지급비용 09월 정산분,814000.0,김대리,2025-09-30 12:38:00
JV02642,2025-09-30,외주가공비,외주가공비 09월 정산분,1903000.0,김대리,2025-10-01 09:47:00
JV00329,2025-09-30,외주가공비,외주가공비 09월 정산분,112000.0,최사원,2025-10-01 17:45:00
JV02744,2025-09-30,외주가공비,외주가공비 09월 정산분,27000.0,김대리,2025-09-30 09:24:00
JV01476,2025-09-30,광고선전비,광고선전비 09월 정산분,434000.0,이차장,2025-10-03 12:37:00
JV02822,2025-09-30,광고선전비,광고선전비 09월 정산분,1221000.0,김대리,2025-10-02 17:00:00
JV01739,2025-09-30,소모품비,소모품비 09월 정산분,1356000.0,박과장,2025-10-02 18:00:00
JV02879,2025-10-01,미지급비용,미지급비용 10월 정산분,82000.0,시스템,2025-10-04 17:13:00
JV01629,2025-10-01,매출원가,매출원가 10월 정산분,15000.0,박과장,2025-10-04 14:19:00
JV00578,2025-10-01,매출,매출 10월 정산분,287000.0,이차장,2025-10-02 11:51:00
JV02203,2025-10-01,외주가공비,외주가공비 10월 정산분,8757000.0,박과장,2025-10-03 12:24:00
JV00894,2025-10-01,매출,매출 10월 정산분,2818000.0,박과장,2025-10-03 11:24:00
JV00575,2025-10-01,소모품비,소모품비 10월 정산분,139000.0,김대리,2025-10-05 11:30:00
JV00666,2025-10-01,매출원가,매출원가 10월 정산분,1117000.0,이차장,2025-10-03 16:24:00
JV01090,2025-10-01,복리후생비,복리후생비 10월 정산분,795000.0,박과장,2025-10-05 18:02:00
JV02218,2025-10-01,여비교통비,여비교통비 10월 정산분,267000.0,최사원,2025-10-05 12:22:00
JV01269,2025-10-01,소모품비,소모품비 10월 정산분,6894000.0,최사원,2025-10-02 10:40:00
JV01385,2025-10-01,지급수수료,지급수수료 10월 정산분,1521000.0,김대리,2025-10-01 13:26:00
JV00441,2025-10-02,소모품비,소모품비 10월 정산분,264000.0,박과장,2025-10-05 16:32:00
JV01693,2025-10-02,외주가공비,외주가공비 10월 정산분,265000.0,김대리,2025-10-02 16:30:00
JV00192,2025-10-02,매출,매출 10월 정산분,369000.0,정부장,2025-10-03 09:58:00
JV01379,2025-10-02,외주가공비,외주가공비 10월 정산분,378000.0,김대리,2025-10-03 18:52:00
JV02589,2025-10-02,여비교통비,여비교통비 10월 정산분,522000.0,최사원,2025-10-02 08:37:00
JV00232,2025-10-02,외주가공비,외주가공비 10월 정산분,1296000.0,이차장,2025-10-06 08:07:00
JV00671,2025-10-02,소모품비,소모품비 10월 정산분,163000.0,최사원,2025-10-02 18:30:00
JV01959,2025-10-02,소모품비,소모품비 10월 정산분,123000.0,최사원,2025-10-02 18:20:00
JV01486,2025-10-02,미지급비용,미지급비용 10월 정산분,53000.0,최사원,2025-10-04 16:58:00
JV00516,2025-10-02,매출원가,매출원가 10월 정산분,1355000.0,김대리,2025-10-02 12:02:00
JV01404,2025-10-02,지급수수료,지급수수료 10월 정산분,984000.0,김대리,2025-10-04 16:38:00
JV01204,2025-10-03,매출,매출 10월 정산분,423000.0,김대리,2025-10-04 09:53:00
JV02465,2025-10-03,지급수수료,지급수수료 10월 정산분,15517000.0,이차장,2025-10-04 18:17:00
JV00939,2025-10-03,매출원가,매출원가 10월 정산분,1580000.0,이차장,2025-10-07 11:33:00
JV02529,2025-10-03,선급비용,선급비용 10월 정산분,239000.0,최사원,2025-10-04 08:20:00
JV00341,2025-10-03,지급수수료,지급수수료 10월 정산분,217000.0,박과장,2025-10-03 17:30:00
JV00924,2025-10-03,복리후생비,복리후생비 10월 정산분,135000.0,정부장,2025-10-06 16:33:00
JV01247,2025-10-03,선급비용,선급비용 10월 정산분,1638000.0,김대리,2025-10-05 17:52:00
JV01532,2025-10-03,매출,매출 10월 정산분,1615000.0,최사원,2025-10-07 11:37:00
JV01646,2025-10-03,광고선전비,광고선전비 10월 정산분,344000.0,박과장,2025-10-03 15:20:00
JV00539,2025-10-03,지급수수료,지급수수료 10월 정산분,203000.0,시스템,2025-10-07 09:10:00
JV01538,2025-10-03,잡비,잡비 10월 정산분,265000.0,정부장,2025-10-04 12:37:00
JV02319,2025-10-03,매출원가,매출원가 10월 정산분,297000.0,박과장,2025-10-06 17:37:00
JV00608,2025-10-04,매출,매출 10월 정산분,6828000.0,이차장,2025-10-05 11:13:00
JV00794,2025-10-04,지급수수료,지급수수료 10월 정산분,161000.0,박과장,2025-10-08 12:46:00
JV01369,2025-10-04,소모품비,소모품비 10월 정산분,3233000.0,최사원,2025-10-04 13:58:00
JV00570,2025-10-04,광고선전비,광고선전비 10월 정산분,323000.0,김대리,2025-10-06 09:12:00
JV02866,2025-10-04,접대비,접대비 10월 정산분,51000.0,박과장,2025-10-06 12:22:00
JV01284,2025-10-04,매출,매출 10월 정산분,146000.0,김대리,2025-10-08 09:32:00
JV00953,2025-10-04,소모품비,소모품비 10월 정산분,795000.0,김대리,2025-10-05 18:57:00
JV02767,2025-10-04,매출원가,매출원가 10월 정산분,43000.0,김대리,2025-10-07 15:30:00
JV01676,2025-10-04,지급수수료,지급수수료 10월 정산분,1071000.0,이차장,2025-10-05 08:44:00
JV02555,2025-10-04,여비교통비,여비교통비 10월 정산분,1133000.0,김대리,2025-10-04 11:44:00
JV01632,2025-10-04,여비교통비,여비교통비 10월 정산분,1837000.0,박과장,2025-10-05 18:14:00
JV00187,2025-10-05,소모품비,소모품비 10월 정산분,545000.0,박과장,2025-10-09 16:49:00
JV01368,2025-10-05,복리후생비,복리후생비 10월 정산분,257000.0,김대리,2025-10-06 12:34:00
JV00780,2025-10-05,지급수수료,지급수수료 10월 정산분,5835000.0,김대리,2025-10-07 15:38:00
JV02284,2025-10-05,매출원가,매출원가 10월 정산분,3646000.0,최사원,2025-10-05 14:24:00
JV01662,2025-10-05,매출,매출 10월 정산분,4651000.0,정부장,2025-10-06 18:07:00
JV00776,2025-10-05,매출,매출 10월 정산분,225000.0,박과장,2025-10-06 17:40:00
JV00640,2025-10-05,소모품비,소모품비 10월 정산분,83000.0,박과장,2025-10-05 12:19:00
JV00606,2025-10-05,소모품비,소모품비 10월 정산분,10930000.0,이차장,2025-10-07 12:38:00
JV00409,2025-10-05,지급수수료,지급수수료 10월 정산분,9845000.0,시스템,2025-10-06 08:15:00
JV02473,2025-10-05,접대비,접대비 10월 정산분,372000.0,이차장,2025-10-05 14:18:00
JV02223,2025-10-05,여비교통비,여비교통비 10월 정산분,603000.0,이차장,2025-10-09 09:37:00
JV00879,2025-10-05,소모품비,소모품비 10월 정산분,1188000.0,시스템,2025-10-07 17:24:00
JV01245,2025-10-05,매출,매출 10월 정산분,13056000.0,최사원,2025-10-07 13:40:00
JV01485,2025-10-06,선급비용,선급비용 10월 정산분,675000.0,최사원,2025-10-06 11:22:00
JV01405,2025-10-06,소모품비,소모품비 10월 정산분,1653000.0,김대리,2025-10-06 12:16:00
JV02061,2025-10-06,외주가공비,외주가공비 10월 정산분,61000.0,최사원,2025-10-07 10:39:00
JV00763,2025-10-06,선급비용,선급비용 10월 정산분,543000.0,박과장,2025-10-08 13:53:00
JV01695,2025-10-06,외주가공비,외주가공비 10월 정산분,802000.0,김대리,2025-10-10 10:05:00
JV02569,2025-10-06,여비교통비,여비교통비 10월 정산분,1032000.0,최사원,2025-10-08 18:02:00
JV02422,2025-10-06,매출,매출 10월 정산분,117000.0,김대리,2025-10-07 16:48:00
JV00354,2025-10-06,매출,매출 10월 정산분,4029000.0,이차장,2025-10-07 14:38:00
JV01179,2025-10-06,지급수수료,지급수수료 10월 정산분,6030000.0,김대리,2025-06-21 02:00:00
JV00853,2025-10-06,여비교통비,여비교통비 10월 정산분,165000.0,최사원,2025-10-10 14:20:00
JV00524,2025-10-06,지급수수료,지급수수료 10월 정산분,38081000.0,김대리,2025-10-08 08:30:00
JV01131,2025-10-06,접대비,접대비 10월 정산분,1648000.0,김대리,2025-10-09 16:50:00
JV02363,2025-10-07,매출원가,매출원가 10월 정산분,15963000.0,이차장,2025-10-10 08:18:00
JV01270,2025-10-07,접대비,접대비 10월 정산분,402000.0,박과장,2025-10-10 15:23:00
JV02120,2025-10-07,지급수수료,지급수수료 10월 정산분,519000.0,박과장,2025-10-10 12:25:00
JV00440,2025-10-07,여비교통비,여비교통비 10월 정산분,553000.0,박과장,2025-10-08 12:25:00
JV00222,2025-10-07,외주가공비,외주가공비 10월 정산분,355000.0,최사원,2025-10-07 15:48:00
JV01189,2025-10-08,소모품비,소모품비 10월 정산분,1408000.0,박과장,2025-10-10 17:00:00
JV02511,2025-10-08,미지급비용,미지급비용 10월 정산분,1759000.0,최사원,2025-10-12 18:37:00
JV00844,2025-10-08,선급비용,선급비용 10월 정산분,38000.0,최사원,2025-10-12 18:32:00
JV01088,2025-10-08,접대비,접대비 10월 정산분,422000.0,이차장,2025-10-12 15:07:00
JV01010,2025-10-08,지급수수료,지급수수료 10월 정산분,605000.0,박과장,2025-10-08 10:20:00
JV02901,2025-10-08,선급비용,선급비용 10월 정산분,926000.0,박과장,2025-10-12 13:17:00
JV02177,2025-10-08,광고선전비,광고선전비 10월 정산분,2309000.0,이차장,2025-10-10 15:09:00
JV00281,2025-10-08,접대비,접대비 10월 정산분,2264000.0,이차장,2025-10-09 16:31:00
JV00674,2025-10-08,매출원가,매출원가 10월 정산분,1924000.0,최사원,2025-10-11 10:31:00
JV02242,2025-10-08,접대비,접대비 10월 정산분,233000.0,김대리,2025-10-12 17:12:00
JV01433,2025-10-08,매출원가,매출원가 10월 정산분,1128000.0,정부장,2025-10-12 15:33:00
JV01931,2025-10-08,매출원가,매출원가 10월 정산분,54000.0,김대리,2025-10-10 11:34:00
JV01078,2025-10-08,지급수수료,지급수수료 10월 정산분,88000.0,시스템,2025-10-11 13:00:00
JV00629,2025-10-08,접대비,접대비 10월 정산분,648000.0,이차장,2025-10-08 12:08:00
JV01081,2025-10-08,소모품비,소모품비 10월 정산분,1903000.0,김대리,2025-10-12 09:47:00
JV02731,2025-10-09,외주가공비,외주가공비 10월 정산분,132000.0,최사원,2025-10-10 09:33:00
JV02287,2025-10-09,복리후생비,복리후생비 10월 정산분,11000.0,김대리,2025-10-11 14:36:00
JV01533,2025-10-09,여비교통비,여비교통비 10월 정산분,1324000.0,박과장,2025-10-13 09:10:00
JV02129,2025-10-09,여비교통비,여비교통비 10월 정산분,1219000.0,최사원,2025-10-11 14:21:00
JV02992,2025-10-09,여비교통비,여비교통비 10월 정산분,139000.0,시스템,2025-10-12 08:48:00
JV01158,2025-10-09,매출,매출 10월 정산분,3317000.0,이차장,2025-10-12 09:47:00
JV01024,2025-10-09,외주가공비,외주가공비 10월 정산분,788000.0,정부장,2025-10-09 12:29:00
JV02658,2025-10-09,소모품비,소모품비 10월 정산분,5205000.0,김대리,2025-10-10 12:38:00
JV01068,2025-10-09,미지급비용,미지급비용 10월 정산분,3555000.0,박과장,2025-10-11 16:42:00
JV01415,2025-10-10,광고선전비,광고선전비 10월 정산분,879000.0,김대리,2025-10-14 09:07:00
JV00977,2025-10-10,외주가공비,외주가공비 10월 정산분,204000.0,이차장,2025-10-11 11:26:00
JV02797,2025-10-10,지급수수료,지급수수료 10월 정산분,182000.0,정부장,2025-10-13 09:59:00
JV02243,2025-10-10,매출원가,매출원가 10월 정산분,1734000.0,김대리,2025-10-12 12:03:00
JV02534,2025-10-10,매출원가,매출원가 10월 정산분,4418000.0,최사원,2025-10-10 16:12:00
JV02907,2025-10-10,매출원가,매출원가 10월 정산분,984000.0,박과장,2025-10-13 08:22:00
JV00517,2025-10-10,광고선전비,광고선전비 10월 정산분,10260000.0,최사원,2025-10-11 11:26:00
JV01707,2025-10-11,매출,매출 10월 정산분,7977000.0,박과장,2025-10-15 16:27:00
JV00598,2025-10-11,광고선전비,광고선전비 10월 정산분,111000.0,김대리,2025-10-15 08:32:00
JV00558,2025-10-11,매출원가,매출원가 10월 정산분,661000.0,박과장,2025-10-12 16:01:00
JV02045,2025-10-11,미지급비용,미지급비용 10월 정산분,377000.0,박과장,2025-10-11 15:34:00
JV00006,2025-10-11,소모품비,소모품비 10월 정산분,1463000.0,김대리,2025-10-15 16:14:00
JV02865,2025-10-12,여비교통비,여비교통비 10월 정산분,1056000.0,시스템,2025-10-13 12:29:00
JV00725,2025-10-12,복리후생비,복리후생비 10월 정산분,236000.0,박과장,2025-10-13 08:58:00
JV02948,2025-10-12,접대비,접대비 10월 정산분,73000.0,정부장,2025-10-13 10:23:00
JV02208,2025-10-12,복리후생비,복리후생비 10월 정산분,190000.0,정부장,2025-10-12 08:45:00
JV02134,2025-10-12,접대비,접대비 10월 정산분,415000.0,김대리,2025-10-12 11:26:00
JV01669,2025-10-13,미지급비용,미지급비용 10월 정산분,82000.0,박과장,2025-10-16 17:03:00
JV01610,2025-10-13,선급비용,선급비용 10월 정산분,157000.0,정부장,2025-10-17 14:32:00
JV00795,2025-10-13,복리후생비,복리후생비 10월 정산분,5830000.0,이차장,2025-10-14 09:41:00
JV01494,2025-10-13,소모품비,소모품비 10월 정산분,1613000.0,최사원,2025-10-13 14:12:00
JV01399,2025-10-13,매출원가,매출원가 10월 정산분,38000.0,최사원,2025-10-17 12:26:00
JV02587,2025-10-14,접대비,접대비 10월 정산분,781000.0,박과장,2025-10-17 14:00:00
JV00936,2025-10-14,접대비,접대비 10월 정산분,1043000.0,최사원,2025-10-15 09:49:00
JV01232,2025-10-15,접대비,접대비 10월 정산분,205000.0,최사원,2025-10-18 16:42:00
JV02344,2025-10-15,외주가공비,외주가공비 10월 정산분,328000.0,정부장,2025-10-18 10:32:00
JV00303,2025-10-15,외주가공비,외주가공비 10월 정산분,373000.0,김대리,2025-10-17 16:28:00
JV01469,2025-10-15,소모품비,소모품비 10월 정산분,188000.0,최사원,2025-10-19 11:31:00
JV02252,2025-10-15,잡비,잡비 10월 정산분,137000.0,최사원,2025-10-18 13:27:00
JV01826,2025-10-15,매출원가,매출원가 10월 정산분,1060000.0,정부장,2025-10-19 08:44:00
JV00223,2025-10-16,소모품비,소모품비 10월 정산분,117000.0,박과장,2025-10-19 15:42:00
JV02349,2025-10-16,여비교통비,여비교통비 10월 정산분,841000.0,김대리,2025-10-18 16:00:00
JV02603,2025-10-16,소모품비,소모품비 10월 정산분,1960000.0,이차장,2025-10-17 16:16:00
JV00881,2025-10-16,광고선전비,광고선전비 10월 정산분,114000.0,김대리,2025-10-20 13:24:00
JV01181,2025-10-16,매출원가,매출원가 10월 정산분,926000.0,김대리,2025-10-16 16:06:00
JV00736,2025-10-16,외주가공비,외주가공비 10월 정산분,2751000.0,시스템,2025-10-18 12:48:00
JV01719,2025-10-16,외주가공비,외주가공비 10월 정산분,933000.0,정부장,2025-10-18 13:37:00
JV02732,2025-10-16,접대비,접대비 10월 정산분,385000.0,이차장,2025-10-20 17:45:00
JV02863,2025-10-16,소모품비,소모품비 10월 정산분,986000.0,이차장,2025-10-19 13:44:00
JV00777,2025-10-16,매출,매출 10월 정산분,347000.0,박과장,2025-10-20 08:22:00
JV02616,2025-10-16,미지급비용,미지급비용 10월 정산분,13621000.0,김대리,2025-10-19 16:07:00
JV02759,2025-10-16,매출,매출 10월 정산분,266000.0,박과장,2025-10-19 09:04:00
JV02459,2025-10-16,복리후생비,복리후생비 10월 정산분,3700000.0,박과장,2025-10-20 16:48:00
JV02455,2025-10-17,외주가공비,외주가공비 10월 정산분,325000.0,최사원,2025-10-21 15:57:00
JV02377,2025-10-17,지급수수료,지급수수료 10월 정산분,1655000.0,이차장,2025-10-18 10:52:00
JV00595,2025-10-17,선급비용,선급비용 10월 정산분,665000.0,박과장,2025-10-21 13:29:00
JV00637,2025-10-17,여비교통비,여비교통비 10월 정산분,689000.0,김대리,2025-10-20 13:18:00
JV01241,2025-10-17,복리후생비,복리후생비 10월 정산분,1323000.0,박과장,2025-10-20 17:50:00
JV00036,2025-10-17,광고선전비,광고선전비 10월 정산분,6165000.0,김대리,2025-10-19 09:48:00
JV00451,2025-10-17,복리후생비,복리후생비 10월 정산분,5474000.0,박과장,2025-10-17 16:57:00
JV00761,2025-10-17,선급비용,선급비용 10월 정산분,2815000.0,김대리,2025-10-21 09:08:00
JV01077,2025-10-17,미지급비용,미지급비용 10월 정산분,677000.0,김대리,2025-10-17 15:25:00
JV02701,2025-10-17,지급수수료,지급수수료 10월 정산분,5879000.0,정부장,2025-10-18 14:15:00
JV00246,2025-10-17,광고선전비,광고선전비 10월 정산분,845000.0,최사원,2025-10-17 18:53:00
JV01132,2025-10-17,선급비용,선급비용 10월 정산분,1722000.0,이차장,2025-10-18 08:15:00
JV02155,2025-10-17,매출,매출 10월 정산분,12106000.0,박과장,2025-10-21 17:00:00
JV02447,2025-10-18,매출원가,매출원가 10월 정산분,119000.0,박과장,2025-10-22 08:57:00
JV00436,2025-10-18,여비교통비,여비교통비 10월 정산분,172000.0,박과장,2025-10-18 18:12:00
JV02841,2025-10-18,여비교통비,여비교통비 10월 정산분,2221000.0,박과장,2025-10-18 16:45:00
JV01863,2025-10-18,매출원가,매출원가 10월 정산분,881000.0,이차장,2025-10-19 17:42:00
JV00018,2025-10-18,잡비,잡비 10월 정산분,3086000.0,박과장,2025-10-22 18:41:00
JV02379,2025-10-18,복리후생비,복리후생비 10월 정산분,2676000.0,이차장,2025-10-21 12:25:00
JV02596,2025-10-18,접대비,접대비 10월 정산분,3951000.0,이차장,2025-10-21 11:12:00
JV01329,2025-10-18,외주가공비,외주가공비 10월 정산분,9800000.0,이차장,2025-10-20 16:26:00
JV01792,2025-10-18,매출원가,매출원가 10월 정산분,75000.0,김대리,2025-10-19 11:22:00
JV01557,2025-10-18,외주가공비,외주가공비 10월 정산분,20640000.0,김대리,2025-10-19 09:14:00
JV01238,2025-10-19,접대비,접대비 10월 정산분,1012000.0,최사원,2025-10-19 17:55:00
JV02782,2025-10-19,매출,매출 10월 정산분,158000.0,정부장,2025-10-22 13:22:00
JV02872,2025-10-19,매출원가,매출원가 10월 정산분,251000.0,김대리,2025-10-20 16:43:00
JV00430,2025-10-19,여비교통비,여비교통비 10월 정산분,659000.0,정부장,2025-10-19 08:09:00
JV02629,2025-10-19,외주가공비,외주가공비 10월 정산분,119000.0,김대리,2025-10-21 17:46:00
JV00586,2025-10-19,외주가공비,외주가공비 10월 정산분,641000.0,김대리,2025-10-23 12:14:00
JV02960,2025-10-19,잡비,잡비 10월 정산분,1092000.0,시스템,2025-10-22 14:59:00
JV00849,2025-10-19,광고선전비,광고선전비 10월 정산분,504000.0,최사원,2025-10-23 15:04:00
JV02020,2025-10-20,접대비,접대비 10월 정산분,44000.0,최사원,2025-10-21 10:56:00
JV01087,2025-10-20,매출원가,매출원가 10월 정산분,3772000.0,김대리,2025-10-20 18:42:00
JV01023,2025-10-20,매출,매출 10월 정산분,2459000.0,박과장,2025-10-23 18:29:00
JV00820,2025-10-20,매출원가,매출원가 10월 정산분,366000.0,김대리,2025-10-23 14:32:00
JV00823,2025-10-20,매출원가,매출원가 10월 정산분,335000.0,최사원,2025-10-21 18:28:00
JV00414,2025-10-20,소모품비,소모품비 10월 정산분,641000.0,이차장,2025-10-21 12:22:00
JV00364,2025-10-20,매출원가,매출원가 10월 정산분,438000.0,김대리,2025-10-23 11:12:00
JV02806,2025-10-20,매출원가,매출원가 10월 정산분,631000.0,박과장,2025-10-24 17:42:00
JV02372,2025-10-20,복리후생비,복리후생비 10월 정산분,3973000.0,최사원,2025-10-20 13:27:00
JV00931,2025-10-20,소모품비,소모품비 10월 정산분,112000.0,정부장,2025-10-23 12:42:00
JV01721,2025-10-20,지급수수료,지급수수료 10월 정산분,1758000.0,김대리,2025-10-20 15:16:00
JV01351,2025-10-20,지급수수료,지급수수료 10월 정산분,252000.0,김대리,2025-10-21 18:28:00
JV01652,2025-10-20,외주가공비,외주가공비 10월 정산분,930000.0,최사원,2025-10-23 11:17:00
JV02098,2025-10-21,복리후생비,복리후생비 10월 정산분,5682000.0,김대리,2025-10-22 18:50:00
JV02209,2025-10-21,복리후생비,복리후생비 10월 정산분,437000.0,최사원,2025-10-24 08:20:00
JV00816,2025-10-21,여비교통비,여비교통비 10월 정산분,2031000.0,최사원,2025-10-22 17:06:00
JV01352,2025-10-21,지급수수료,지급수수료 10월 정산분,36782000.0,김대리,2025-10-21 12:17:00
JV01956,2025-10-21,소모품비,소모품비 10월 정산분,19000.0,김대리,2025-10-22 16:10:00
JV00460,2025-10-21,복리후생비,복리후생비 10월 정산분,2640000.0,이차장,2025-10-25 15:04:00
JV02131,2025-10-21,외주가공비,외주가공비 10월 정산분,816000.0,박과장,2025-10-24 16:19:00
JV00197,2025-10-21,미지급비용,미지급비용 10월 정산분,98000.0,박과장,2025-10-22 16:00:00
JV01408,2025-10-21,지급수수료,지급수수료 10월 정산분,2475000.0,최사원,2025-10-25 12:46:00
JV02811,2025-10-22,매출,매출 10월 정산분,320000.0,최사원,2025-10-23 15:37:00
JV00900,2025-10-22,잡비,잡비 10월 정산분,134000.0,박과장,2025-10-22 10:47:00
JV02593,2025-10-22,외주가공비,외주가공비 10월 정산분,1083000.0,최사원,2025-10-26 09:36:00
JV01490,2025-10-22,여비교통비,여비교통비 10월 정산분,1144000.0,김대리,2025-10-26 12:30:00
JV01994,2025-10-22,매출원가,매출원가 10월 정산분,560000.0,이차장,2025-10-24 17:07:00
JV01995,2025-10-22,여비교통비,여비교통비 10월 정산분,1475000.0,최사원,2025-10-25 12:23:00
JV00035,2025-10-22,지급수수료,지급수수료 10월 정산분,2181000.0,이차장,2025-10-25 16:58:00
JV01970,2025-10-22,광고선전비,광고선전비 10월 정산분,490000.0,정부장,2025-10-24 18:47:00
JV01531,2025-10-22,잡비,잡비 10월 정산분,997000.0,최사원,2025-10-25 16:37:00
JV01071,2025-10-22,매출,매출 10월 정산분,1627000.0,최사원,2025-10-23 12:09:00
JV00304,2025-10-22,지급수수료,지급수수료 10월 정산분,212000.0,박과장,2025-10-26 11:29:00
JV01823,2025-10-22,지급수수료,지급수수료 10월 정산분,553000.0,박과장,2025-10-25 14:24:00
JV01009,2025-10-23,여비교통비,여비교통비 10월 정산분,2676000.0,이차장,2025-10-23 08:37:00
JV02096,2025-10-23,지급수수료,지급수수료 10월 정산분,82000.0,이차장,2025-10-25 11:20:00
JV02125,2025-10-23,미지급비용,미지급비용 10월 정산분,734000.0,김대리,2025-10-27 10:44:00
JV02618,2025-10-23,매출,매출 10월 정산분,1497000.0,김대리,2025-10-24 16:02:00
JV00234,2025-10-23,지급수수료,지급수수료 10월 정산분,4229000.0,박과장,2025-10-26 16:58:00
JV02095,2025-10-23,접대비,접대비 10월 정산분,415000.0,최사원,2025-10-26 18:36:00
JV00055,2025-10-23,소모품비,소모품비 10월 정산분,13800000.0,정부장,2025-10-25 15:04:00
JV02775,2025-10-24,소모품비,소모품비 10월 정산분,58000.0,김대리,2025-10-26 10:28:00
JV02113,2025-10-24,지급수수료,지급수수료 10월 정산분,28000.0,김대리,2025-10-28 09:21:00
JV02067,2025-10-24,소모품비,소모품비 10월 정산분,177000.0,최사원,2025-10-27 16:10:00
JV01824,2025-10-24,매출원가,매출원가 10월 정산분,236000.0,최사원,2025-10-27 15:38:00
JV01374,2025-10-24,매출원가,매출원가 10월 정산분,2007000.0,김대리,2025-10-25 13:41:00
JV01606,2025-10-24,소모품비,소모품비 10월 정산분,254000.0,이차장,2025-10-24 16:58:00
JV00402,2025-10-24,매출,매출 10월 정산분,410000.0,김대리,2025-10-27 12:04:00
JV02195,2025-10-25,매출원가,매출원가 10월 정산분,6841000.0,이차장,2025-10-29 09:57:00
JV00369,2025-10-25,미지급비용,미지급비용 10월 정산분,249000.0,김대리,2025-10-25 15:20:00
JV00325,2025-10-25,외주가공비,외주가공비 10월 정산분,384000.0,최사원,2025-10-29 10:26:00
JV00571,2025-10-25,지급수수료,지급수수료 10월 정산분,15716000.0,김대리,2025-10-29 11:02:00
JV00356,2025-10-25,소모품비,소모품비 10월 정산분,257000.0,이차장,2025-10-29 15:43:00
JV00114,2025-10-25,지급수수료,지급수수료 10월 정산분,315000.0,김대리,2025-10-29 10:44:00
JV01254,2025-10-25,선급비용,선급비용 10월 정산분,200000.0,최사원,2025-10-25 18:09:00
JV02322,2025-10-25,여비교통비,여비교통비 10월 정산분,230000.0,정부장,2025-10-28 09:27:00
JV01487,2025-10-25,소모품비,소모품비 10월 정산분,579000.0,이차장,2025-10-26 14:17:00
JV02637,2025-10-25,복리후생비,복리후생비 10월 정산분,370000.0,정부장,2025-10-28 16:19:00
JV00240,2025-10-25,여비교통비,여비교통비 10월 정산분,3201000.0,최사원,2025-10-28 16:24:00
JV01444,2025-10-26,미지급비용,미지급비용 10월 정산분,1100000.0,이차장,2025-10-27 12:50:00
JV00021,2025-10-26,외주가공비,외주가공비 10월 정산분,627000.0,이차장,2025-10-30 14:11:00
JV01851,2025-10-26,소모품비,소모품비 10월 정산분,329000.0,김대리,2025-10-26 09:13:00
JV02808,2025-10-26,외주가공비,외주가공비 10월 정산분,1880000.0,박과장,2025-10-29 15:25:00
JV01422,2025-10-26,매출원가,매출원가 10월 정산분,6776000.0,최사원,2025-10-26 08:11:00
JV00906,2025-10-26,매출원가,매출원가 10월 정산분,109000.0,김대리,2025-10-26 08:01:00
JV01142,2025-10-26,소모품비,소모품비 10월 정산분,265000.0,박과장,2025-10-29 16:52:00
JV01030,2025-10-26,여비교통비,여비교통비 10월 정산분,114000.0,이차장,2025-10-28 15:43:00
JV01906,2025-10-26,접대비,접대비 10월 정산분,4388000.0,박과장,2025-10-29 09:59:00
JV01808,2025-10-26,복리후생비,복리후생비 10월 정산분,85000.0,박과장,2025-10-26 11:43:00
JV02278,2025-10-26,매출원가,매출원가 10월 정산분,2909000.0,시스템,2025-10-28 09:15:00
JV01579,2025-10-27,선급비용,선급비용 10월 정산분,215000.0,김대리,2025-10-27 13:00:00
JV02750,2025-10-27,여비교통비,여비교통비 10월 정산분,2066000.0,최사원,2025-10-31 13:12:00
JV00016,2025-10-27,여비교통비,여비교통비 10월 정산분,1008000.0,박과장,2025-10-31 16:06:00
JV00825,2025-10-27,매출원가,매출원가 10월 정산분,2136000.0,김대리,2025-10-31 18:38:00
JV01271,2025-10-27,매출원가,매출원가 10월 정산분,275000.0,이차장,2025-06-21 03:00:00
JV02742,2025-10-27,소모품비,소모품비 10월 정산분,32000.0,최사원,2025-10-27 09:30:00
JV01139,2025-10-28,매출원가,매출원가 10월 정산분,2969000.0,박과장,2025-10-31 09:45:00
JV00057,2025-10-28,광고선전비,광고선전비 10월 정산분,2013000.0,박과장,2025-10-29 12:10:00
JV00458,2025-10-28,매출원가,매출원가 10월 정산분,402000.0,김대리,2025-10-29 11:45:00
JV02818,2025-10-28,복리후생비,복리후생비 10월 정산분,145000.0,시스템,2025-10-29 09:58:00
JV01563,2025-10-28,미지급비용,미지급비용 10월 정산분,753000.0,최사원,2025-10-28 10:22:00
JV01013,2025-10-28,복리후생비,복리후생비 10월 정산분,1909000.0,김대리,2025-11-01 12:14:00
JV01107,2025-10-28,접대비,접대비 10월 정산분,418000.0,박과장,2025-10-28 08:31:00
JV02186,2025-10-28,복리후생비,복리후생비 10월 정산분,170000.0,이차장,2025-10-30 08:11:00
JV01349,2025-10-28,매출,매출 10월 정산분,156000.0,시스템,2025-10-28 14:58:00
JV00727,2025-10-28,외주가공비,외주가공비 10월 정산분,197000.0,이차장,2025-11-01 14:43:00
JV02463,2025-10-29,매출원가,매출원가 10월 정산분,182000.0,박과장,2025-11-02 14:51:00
JV00135,2025-10-29,여비교통비,여비교통비 10월 정산분,115000.0,김대리,2025-10-30 17:58:00
JV02903,2025-10-29,지급수수료,지급수수료 10월 정산분,187000.0,김대리,2025-10-29 10:27:00
JV00753,2025-10-29,외주가공비,외주가공비 10월 정산분,6062000.0,박과장,2025-11-01 15:51:00
JV01425,2025-10-29,접대비,접대비 10월 정산분,1852000.0,이차장,2025-11-02 10:06:00
JV00648,2025-10-29,매출,매출 10월 정산분,1015000.0,최사원,2025-11-01 10:28:00
JV00930,2025-10-29,잡비,잡비 10월 정산분,193000.0,이차장,2025-10-29 11:30:00
JV00903,2025-10-29,복리후생비,복리후생비 10월 정산분,7482000.0,최사원,2025-10-31 08:22:00
JV02503,2025-10-29,접대비,접대비 10월 정산분,572000.0,박과장,2025-10-29 09:15:00
JV02295,2025-10-29,복리후생비,복리후생비 10월 정산분,2356000.0,정부장,2025-11-02 11:20:00
JV00560,2025-10-29,매출원가,매출원가 10월 정산분,67000.0,김대리,2025-10-30 15:52:00
JV02495,2025-10-30,지급수수료,지급수수료 10월 정산분,331000.0,김대리,2025-11-03 10:17:00
JV00439,2025-10-30,여비교통비,여비교통비 10월 정산분,282000.0,박과장,2025-11-01 11:48:00
JV00078,2025-10-30,매출,매출 10월 정산분,163000.0,최사원,2025-10-31 18:54:00
JV02826,2025-10-30,지급수수료,지급수수료 10월 정산분,305000.0,이차장,2025-11-02 13:02:00
JV02819,2025-10-30,외주가공비,외주가공비 10월 정산분,127000.0,최사원,2025-10-31 16:13:00
JV00778,2025-10-30,매출,매출 10월 정산분,3260000.0,이차장,2025-11-02 13:33:00
JV01004,2025-10-30,지급수수료,지급수수료 10월 정산분,39000.0,이차장,2025-11-01 08:31:00
JV01006,2025-10-30,소모품비,소모품비 10월 정산분,287000.0,이차장,2025-10-31 18:05:00
JV02137,2025-10-30,매출원가,매출원가 10월 정산분,279000.0,최사원,2025-11-03 11:03:00
JV02123,2025-10-30,매출,매출 10월 정산분,377000.0,시스템,2025-11-02 13:19:00
JV02407,2025-10-30,매출,매출 10월 정산분,1064000.0,최사원,2025-11-02 08:28:00
JV01443,2025-10-30,여비교통비,여비교통비 10월 정산분,3785000.0,정부장,2025-11-03 16:39:00
JV00540,2025-10-31,지급수수료,지급수수료 10월 정산분,1754000.0,최사원,2025-10-31 10:09:00
JV00951,2025-10-31,매출,매출 10월 정산분,1163000.0,최사원,2025-10-31 12:46:00
JV00498,2025-10-31,매출원가,매출원가 10월 정산분,313000.0,이차장,2025-11-04 15:05:00
JV01977,2025-10-31,미지급비용,미지급비용 10월 정산분,27000.0,시스템,2025-11-02 13:13:00
JV01172,2025-10-31,여비교통비,여비교통비 10월 정산분,1537000.0,이차장,2025-11-01 11:18:00
JV00285,2025-10-31,여비교통비,여비교통비 10월 정산분,83000.0,박과장,2025-11-03 14:03:00
JV02332,2025-10-31,복리후생비,복리후생비 10월 정산분,5345000.0,최사원,2025-10-31 15:08:00
JV01645,2025-10-31,지급수수료,지급수수료 10월 정산분,769000.0,이차장,2025-11-03 08:04:00
JV00632,2025-10-31,매출원가,매출원가 10월 정산분,600000.0,박과장,2025-11-04 08:32:00
JV02897,2025-10-31,여비교통비,여비교통비 10월 정산분,168000.0,최사원,2025-11-01 09:05:00
JV01321,2025-11-01,광고선전비,광고선전비 11월 정산분,9285000.0,이차장,2025-11-02 11:35:00
JV02341,2025-11-01,외주가공비,외주가공비 11월 정산분,61000.0,박과장,2025-11-02 13:49:00
JV02837,2025-11-01,접대비,접대비 11월 정산분,1010000.0,김대리,2025-11-01 12:47:00
JV01896,2025-11-01,매출,매출 11월 정산분,540000.0,김대리,2025-11-04 13:39:00
JV00893,2025-11-01,접대비,접대비 11월 정산분,506000.0,박과장,2025-11-02 13:04:00
JV00834,2025-11-01,외주가공비,외주가공비 11월 정산분,476000.0,김대리,2025-11-05 09:08:00
JV00781,2025-11-01,미지급비용,미지급비용 11월 정산분,5525000.0,김대리,2025-11-04 11:13:00
JV02389,2025-11-01,매출원가,매출원가 11월 정산분,4363000.0,최사원,2025-11-05 13:41:00
JV00007,2025-11-01,복리후생비,복리후생비 11월 정산분,602000.0,최사원,2025-11-02 16:34:00
JV01595,2025-11-02,접대비,접대비 11월 정산분,1474000.0,이차장,2025-11-04 11:55:00
JV01771,2025-11-02,소모품비,소모품비 11월 정산분,172000.0,박과장,2025-11-03 09:02:00
JV02570,2025-11-02,외주가공비,외주가공비 11월 정산분,1048000.0,박과장,2025-11-06 10:29:00
JV00799,2025-11-02,선급비용,선급비용 11월 정산분,304000.0,김대리,2025-11-04 11:09:00
JV01837,2025-11-03,복리후생비,복리후생비 11월 정산분,157000.0,이차장,2025-11-05 11:13:00
JV02693,2025-11-03,복리후생비,복리후생비 11월 정산분,597000.0,박과장,2025-11-05 17:51:00
JV02935,2025-11-03,매출,매출 11월 정산분,367000.0,김대리,2025-11-05 17:02:00
JV00359,2025-11-03,선급비용,선급비용 11월 정산분,152000.0,김대리,2025-11-03 08:24:00
JV00326,2025-11-03,소모품비,소모품비 11월 정산분,1150000.0,최사원,2025-11-04 10:08:00
JV02812,2025-11-03,광고선전비,광고선전비 11월 정산분,44000.0,박과장,2025-11-07 17:12:00
JV00537,2025-11-04,복리후생비,복리후생비 11월 정산분,312000.0,이차장,2025-11-04 17:04:00
JV02453,2025-11-04,접대비,접대비 11월 정산분,6175000.0,최사원,2025-11-04 09:12:00
JV01427,2025-11-04,매출원가,매출원가 11월 정산분,32515000.0,박과장,2025-11-04 13:29:00
JV01741,2025-11-04,매출,매출 11월 정산분,7181000.0,박과장,2025-11-06 15:11:00
JV00596,2025-11-04,미지급비용,미지급비용 11월 정산분,385000.0,김대리,2025-11-04 13:53:00
JV00709,2025-11-04,미지급비용,미지급비용 11월 정산분,79000.0,이차장,2025-11-08 17:22:00
JV02436,2025-11-04,여비교통비,여비교통비 11월 정산분,322000.0,최사원,2025-11-06 11:30:00
JV01355,2025-11-04,잡비,잡비 11월 정산분,148000.0,이차장,2025-11-08 17:22:00
JV00493,2025-11-04,선급비용,선급비용 11월 정산분,6722000.0,최사원,2025-11-06 16:45:00
JV00423,2025-11-04,광고선전비,광고선전비 11월 정산분,3033000.0,김대리,2025-11-08 18:21:00
JV00152,2025-11-05,접대비,접대비 11월 정산분,181000.0,최사원,2025-11-06 13:57:00
JV00151,2025-11-05,매출원가,매출원가 11월 정산분,177000.0,시스템,2025-11-05 13:42:00
JV00043,2025-11-05,여비교통비,여비교통비 11월 정산분,1241000.0,김대리,2025-11-05 11:31:00
JV00673,2025-11-05,외주가공비,외주가공비 11월 정산분,3752000.0,김대리,2025-11-08 16:41:00
JV00934,2025-11-05,매출,매출 11월 정산분,1177000.0,이차장,2025-11-05 18:35:00
JV00803,2025-11-05,지급수수료,지급수수료 11월 정산분,150000.0,최사원,2025-11-08 09:59:00
JV02153,2025-11-05,복리후생비,복리후생비 11월 정산분,812000.0,박과장,2025-11-06 18:01:00
JV00620,2025-11-05,소모품비,소모품비 11월 정산분,1489000.0,박과장,2025-11-07 15:31:00
JV00529,2025-11-05,잡비,잡비 11월 정산분,100000.0,김대리,2025-11-06 12:10:00
JV01599,2025-11-06,잡비,잡비 11월 정산분,3873000.0,최사원,2025-11-07 17:02:00
JV02336,2025-11-06,선급비용,선급비용 11월 정산분,759000.0,김대리,2025-11-08 10:22:00
JV01123,2025-11-06,매출원가,매출원가 11월 정산분,193000.0,김대리,2025-11-09 10:43:00
JV02572,2025-11-06,선급비용,선급비용 11월 정산분,141000.0,김대리,2025-11-06 16:12:00
JV00237,2025-11-06,미지급비용,미지급비용 11월 정산분,1098000.0,박과장,2025-11-06 16:14:00
JV00088,2025-11-06,외주가공비,외주가공비 11월 정산분,118000.0,시스템,2025-11-09 17:15:00
JV01454,2025-11-06,매출원가,매출원가 11월 정산분,618000.0,이차장,2025-11-09 13:59:00
JV01264,2025-11-06,매출,매출 11월 정산분,86000.0,박과장,2025-11-08 18:58:00
JV00239,2025-11-06,외주가공비,외주가공비 11월 정산분,9990000.0,이차장,2025-11-06 16:56:00
JV00784,2025-11-07,광고선전비,광고선전비 11월 정산분,2032000.0,김대리,2025-11-07 18:52:00
JV01565,2025-11-07,복리후생비,복리후생비 11월 정산분,1527000.0,김대리,2025-11-08 11:23:00
JV01834,2025-11-07,소모품비,소모품비 11월 정산분,198000.0,김대리,2025-11-08 15:40:00
JV02846,2025-11-07,외주가공비,외주가공비 11월 정산분,9950000.0,이차장,2025-11-11 11:23:00
JV01202,2025-11-07,여비교통비,여비교통비 11월 정산분,192000.0,박과장,2025-11-08 18:18:00
JV02069,2025-11-07,매출원가,매출원가 11월 정산분,741000.0,박과장,2025-11-07 10:46:00
JV00561,2025-11-07,외주가공비,외주가공비 11월 정산분,2706000.0,김대리,2025-11-09 16:49:00
JV02898,2025-11-08,매출,매출 11월 정산분,15309000.0,최사원,2025-11-12 12:00:00
JV02978,2025-11-08,여비교통비,여비교통비 11월 정산분,597000.0,최사원,2025-11-08 11:18:00
JV01226,2025-11-08,지급수수료,지급수수료 11월 정산분,20268000.0,김대리,2025-11-11 15:40:00
JV00511,2025-11-08,지급수수료,지급수수료 11월 정산분,9075000.0,정부장,2025-11-08 16:45:00
JV90014,2025-11-08,지급수수료,지급수수료 11월 정산분,20268000.0,김대리,2025-11-11 15:40:00
JV00721,2025-11-08,매출원가,매출원가 11월 정산분,725000.0,박과장,2025-11-10 11:03:00
JV01171,2025-11-08,매출,매출 11월 정산분,1929000.0,최사원,2025-11-09 09:26:00
JV00418,2025-11-08,매출원가,매출원가 11월 정산분,1484000.0,박과장,2025-11-09 14:44:00
JV01347,2025-11-09,지급수수료,지급수수료 11월 정산분,231000.0,최사원,2025-11-09 11:49:00
JV00667,2025-11-09,매출원가,매출원가 11월 정산분,1736000.0,박과장,2025-11-12 13:23:00
JV00045,2025-11-09,여비교통비,여비교통비 11월 정산분,4499000.0,시스템,2025-11-12 16:33:00
JV00981,2025-11-09,외주가공비,외주가공비 11월 정산분,731000.0,이차장,2025-11-11 17:10:00
JV00543,2025-11-09,지급수수료,지급수수료 11월 정산분,1937000.0,김대리,2025-11-12 11:21:00
JV02232,2025-11-09,여비교통비,여비교통비 11월 정산분,123000.0,박과장,2025-06-07 01:00:00
JV01939,2025-11-09,광고선전비,광고선전비 11월 정산분,501000.0,최사원,2025-11-11 10:13:00
JV00773,2025-11-09,광고선전비,광고선전비 11월 정산분,3986000.0,이차장,2025-11-10 14:13:00
JV00399,2025-11-10,선급비용,선급비용 11월 정산분,415000.0,최사원,2025-11-12 11:38:00
JV01691,2025-11-10,외주가공비,외주가공비 11월 정산분,4802000.0,박과장,2025-11-13 16:57:00
JV01952,2025-11-10,여비교통비,여비교통비 11월 정산분,168000.0,박과장,2025-11-10 17:48:00
JV01312,2025-11-10,소모품비,소모품비 11월 정산분,4526000.0,최사원,2025-11-11 13:52:00
JV01059,2025-11-10,외주가공비,외주가공비 11월 정산분,13900000.0,최사원,2025-11-14 16:18:00
JV00945,2025-11-10,외주가공비,외주가공비 11월 정산분,448000.0,박과장,2025-11-11 16:02:00
JV01515,2025-11-10,매출원가,매출원가 11월 정산분,614000.0,정부장,2025-11-11 09:08:00
JV02525,2025-11-10,복리후생비,복리후생비 11월 정산분,715000.0,박과장,2025-11-10 15:53:00
JV02493,2025-11-10,접대비,접대비 11월 정산분,2648000.0,박과장,2025-11-14 10:25:00
JV00434,2025-11-11,복리후생비,복리후생비 11월 정산분,436000.0,박과장,2025-11-15 12:21:00
JV00946,2025-11-11,매출,매출 11월 정산분,208000.0,최사원,2025-11-12 12:07:00
JV00714,2025-11-11,매출원가,매출원가 11월 정산분,1685000.0,김대리,2025-11-11 08:53:00
JV02033,2025-11-11,지급수수료,지급수수료 11월 정산분,416000.0,김대리,2025-11-11 08:36:00
JV02434,2025-11-11,접대비,접대비 11월 정산분,876000.0,박과장,2025-11-11 10:25:00
JV01309,2025-11-11,매출원가,매출원가 11월 정산분,1627000.0,김대리,2025-11-13 08:56:00
JV01280,2025-11-11,소모품비,소모품비 11월 정산분,1126000.0,최사원,2025-11-13 13:20:00
JV01358,2025-11-12,매출원가,매출원가 11월 정산분,221000.0,김대리,2025-11-14 10:09:00
JV01539,2025-11-12,매출,매출 11월 정산분,561000.0,정부장,2025-11-13 17:21:00
JV02868,2025-11-12,지급수수료,지급수수료 11월 정산분,57000.0,김대리,2025-11-12 17:02:00
JV00217,2025-11-12,지급수수료,지급수수료 11월 정산분,766000.0,정부장,2025-11-15 14:19:00
JV02951,2025-11-12,소모품비,소모품비 11월 정산분,53000.0,최사원,2025-11-15 11:55:00
JV02110,2025-11-12,매출원가,매출원가 11월 정산분,446000.0,김대리,2025-11-12 18:42:00
JV02365,2025-11-12,여비교통비,여비교통비 11월 정산분,2482000.0,김대리,2025-11-15 15:03:00
JV02523,2025-11-13,접대비,접대비 11월 정산분,3048000.0,최사원,2025-11-14 09:50:00
JV01360,2025-11-13,선급비용,선급비용 11월 정산분,2485000.0,김대리,2025-11-17 15:07:00
JV00243,2025-11-13,매출원가,매출원가 11월 정산분,4273000.0,김대리,2025-11-16 09:28:00
JV01113,2025-11-13,지급수수료,지급수수료 11월 정산분,8339000.0,김대리,2025-11-13 11:10:00
JV00263,2025-11-13,매출원가,매출원가 11월 정산분,2439000.0,시스템,2025-11-17 10:31:00
JV00549,2025-11-13,지급수수료,지급수수료 11월 정산분,940000.0,김대리,2025-11-13 08:37:00
JV01840,2025-11-13,외주가공비,외주가공비 11월 정산분,231000.0,박과장,2025-06-21 03:00:00
JV01865,2025-11-13,여비교통비,여비교통비 11월 정산분,134000.0,김대리,2025-11-13 15:28:00
JV00466,2025-11-13,외주가공비,외주가공비 11월 정산분,567000.0,김대리,2025-11-16 08:36:00
JV00994,2025-11-13,매출원가,매출원가 11월 정산분,224000.0,박과장,2025-11-15 10:58:00
JV02254,2025-11-14,잡비,잡비 11월 정산분,132000.0,박과장,2025-11-18 14:34:00
JV02202,2025-11-14,접대비,접대비 11월 정산분,15309000.0,최사원,2025-11-15 13:49:00
JV02600,2025-11-14,지급수수료,지급수수료 11월 정산분,185000.0,이차장,2025-11-14 09:36:00
JV02002,2025-11-14,접대비,접대비 11월 정산분,354000.0,최사원,2025-11-17 09:10:00
JV01858,2025-11-14,광고선전비,광고선전비 11월 정산분,857000.0,박과장,2025-11-15 18:58:00
JV01589,2025-11-14,접대비,접대비 11월 정산분,1267000.0,시스템,2025-11-18 11:27:00
JV00012,2025-11-15,소모품비,소모품비 11월 정산분,2044000.0,이차장,2025-11-19 15:19:00
JV01767,2025-11-15,지급수수료,지급수수료 11월 정산분,3806000.0,김대리,2025-11-19 16:37:00
JV00100,2025-11-15,외주가공비,외주가공비 11월 정산분,555000.0,김대리,2025-11-16 12:38:00
JV01498,2025-11-15,소모품비,소모품비 11월 정산분,3444000.0,정부장,2025-11-19 15:55:00
JV02144,2025-11-15,매출원가,매출원가 11월 정산분,259000.0,박과장,2025-11-19 17:22:00
JV00210,2025-11-15,매출원가,매출원가 11월 정산분,2136000.0,박과장,2025-11-19 08:10:00
JV01901,2025-11-15,소모품비,소모품비 11월 정산분,6593000.0,정부장,2025-11-19 17:03:00
JV90008,2025-11-15,외주가공비,외주가공비 11월 정산분,555000.0,김대리,2025-11-16 12:38:00
JV00738,2025-11-15,지급수수료,지급수수료 11월 정산분,126000.0,박과장,2025-11-19 15:22:00
JV02246,2025-11-15,지급수수료,지급수수료 11월 정산분,21317000.0,박과장,2025-11-19 08:35:00
JV02756,2025-11-15,잡비,잡비 11월 정산분,5066000.0,박과장,2025-11-16 11:45:00
JV00519,2025-11-16,매출,매출 11월 정산분,294000.0,최사원,2025-11-20 14:39:00
JV02277,2025-11-16,잡비,잡비 11월 정산분,1998000.0,김대리,2025-11-20 08:06:00
JV00184,2025-11-16,외주가공비,외주가공비 11월 정산분,1000000.0,박과장,2025-11-17 18:50:00
JV00605,2025-11-16,지급수수료,지급수수료 11월 정산분,83000.0,김대리,2025-11-17 15:45:00
JV00146,2025-11-16,매출,매출 11월 정산분,3327000.0,김대리,2025-11-20 17:17:00
JV00888,2025-11-17,소모품비,소모품비 11월 정산분,2464000.0,김대리,2025-11-21 13:15:00
JV00366,2025-11-17,접대비,접대비 11월 정산분,105000.0,이차장,2025-11-18 09:17:00
JV01859,2025-11-17,여비교통비,여비교통비 11월 정산분,611000.0,이차장,2025-11-17 13:36:00
JV02579,2025-11-17,미지급비용,미지급비용 11월 정산분,476000.0,박과장,2025-11-19 18:17:00
JV02350,2025-11-17,외주가공비,외주가공비 11월 정산분,1481000.0,박과장,2025-11-17 09:42:00
JV00288,2025-11-17,미지급비용,미지급비용 11월 정산분,241000.0,최사원,2025-11-20 10:42:00
JV01493,2025-11-17,소모품비,소모품비 11월 정산분,1457000.0,박과장,2025-11-20 16:56:00
JV02064,2025-11-17,매출,매출 11월 정산분,3291000.0,정부장,2025-11-19 18:29:00
JV02004,2025-11-17,지급수수료,지급수수료 11월 정산분,1433000.0,김대리,2025-11-17 13:09:00
JV01723,2025-11-18,여비교통비,여비교통비 11월 정산분,227000.0,김대리,2025-11-19 11:19:00
JV01935,2025-11-18,소모품비,소모품비 11월 정산분,295000.0,박과장,2025-11-22 18:11:00
JV00925,2025-11-18,소모품비,소모품비 11월 정산분,1828000.0,김대리,2025-11-18 10:48:00
JV00774,2025-11-18,복리후생비,복리후생비 11월 정산분,15438000.0,최사원,2025-11-20 13:30:00
JV02294,2025-11-18,소모품비,소모품비 11월 정산분,3351000.0,김대리,2025-11-22 11:22:00
JV00485,2025-11-18,매출원가,매출원가 11월 정산분,64000.0,박과장,2025-11-22 17:12:00
JV00084,2025-11-18,광고선전비,광고선전비 11월 정산분,654000.0,최사원,2025-11-18 18:40:00
JV00071,2025-11-18,접대비,접대비 11월 정산분,848000.0,김대리,2025-11-22 10:37:00
JV01481,2025-11-18,소모품비,소모품비 11월 정산분,281000.0,박과장,2025-11-22 14:30:00
JV02931,2025-11-19,소모품비,소모품비 11월 정산분,645000.0,이차장,2025-11-21 16:16:00
JV00986,2025-11-19,매출원가,매출원가 11월 정산분,762000.0,김대리,2025-11-20 13:11:00
JV02183,2025-11-19,접대비,접대비 11월 정산분,1772000.0,김대리,2025-11-20 13:30:00
JV01421,2025-11-19,매출원가,매출원가 11월 정산분,261000.0,김대리,2025-11-22 16:52:00
JV00548,2025-11-19,잡비,잡비 11월 정산분,3442000.0,김대리,2025-11-20 11:53:00
JV00442,2025-11-19,매출원가,매출원가 11월 정산분,13335000.0,김대리,2025-11-21 15:35:00
JV00170,2025-11-19,외주가공비,외주가공비 11월 정산분,880000.0,김대리,2025-11-19 09:04:00
JV02509,2025-11-19,지급수수료,지급수수료 11월 정산분,1135000.0,박과장,2025-11-22 13:55:00
JV01348,2025-11-19,소모품비,소모품비 11월 정산분,831000.0,박과장,2025-11-22 18:17:00
JV01164,2025-11-20,여비교통비,여비교통비 11월 정산분,1664000.0,정부장,2025-11-23 16:43:00
JV02133,2025-11-20,지급수수료,지급수수료 11월 정산분,1466000.0,김대리,2025-11-20 08:40:00
JV01051,2025-11-20,복리후생비,복리후생비 11월 정산분,1269000.0,박과장,2025-11-24 16:32:00
JV02315,2025-11-20,외주가공비,외주가공비 11월 정산분,9990000.0,이차장,2025-11-23 14:58:00
JV02316,2025-11-20,매출,매출 11월 정산분,267000.0,시스템,2025-11-23 15:18:00
JV01542,2025-11-20,복리후생비,복리후생비 11월 정산분,638000.0,박과장,2025-11-24 15:51:00
JV02575,2025-11-20,외주가공비,외주가공비 11월 정산분,474000.0,최사원,2025-11-24 17:42:00
JV02356,2025-11-20,지급수수료,지급수수료 11월 정산분,2256000.0,이차장,2025-11-21 08:34:00
JV01755,2025-11-21,광고선전비,광고선전비 11월 정산분,975000.0,박과장,2025-11-23 15:16:00
JV00980,2025-11-21,소모품비,소모품비 11월 정산분,32000.0,이차장,2025-11-25 16:25:00
JV02411,2025-11-21,매출원가,매출원가 11월 정산분,488000.0,김대리,2025-11-25 08:13:00
JV02259,2025-11-21,소모품비,소모품비 11월 정산분,2339000.0,최사원,2025-11-23 11:37:00
JV00694,2025-11-21,잡비,잡비 11월 정산분,154000.0,최사원,2025-11-23 13:36:00
JV00583,2025-11-21,접대비,접대비 11월 정산분,1459000.0,정부장,2025-11-25 12:53:00
JV02654,2025-11-21,선급비용,선급비용 11월 정산분,531000.0,김대리,2025-11-24 18:54:00
JV00367,2025-11-21,소모품비,소모품비 11월 정산분,1596000.0,이차장,2025-11-23 17:38:00
JV02250,2025-11-21,매출원가,매출원가 11월 정산분,679000.0,이차장,2025-11-23 17:16:00
JV02419,2025-11-21,여비교통비,여비교통비 11월 정산분,235000.0,시스템,2025-11-23 18:01:00
JV02474,2025-11-21,매출원가,매출원가 11월 정산분,677000.0,김대리,2025-11-25 13:44:00
JV01045,2025-11-21,매출원가,매출원가 11월 정산분,1252000.0,김대리,2025-11-23 11:02:00
JV01992,2025-11-21,접대비,접대비 11월 정산분,4679000.0,김대리,2025-11-22 12:30:00
JV02712,2025-11-22,광고선전비,광고선전비 11월 정산분,394000.0,정부장,2025-11-22 09:29:00
JV01612,2025-11-22,외주가공비,외주가공비 11월 정산분,1246000.0,김대리,2025-11-22 16:03:00
JV01335,2025-11-22,여비교통비,여비교통비 11월 정산분,3097000.0,최사원,2025-11-26 12:07:00
JV00468,2025-11-22,소모품비,소모품비 11월 정산분,236000.0,최사원,2025-06-14 01:00:00
JV02263,2025-11-22,여비교통비,여비교통비 11월 정산분,197000.0,박과장,2025-11-26 15:22:00
JV01897,2025-11-22,소모품비,소모품비 11월 정산분,918000.0,최사원,2025-11-25 11:07:00
JV01816,2025-11-22,매출,매출 11월 정산분,125000.0,이차장,2025-11-26 14:20:00
JV02212,2025-11-23,소모품비,소모품비 11월 정산분,632000.0,최사원,2025-06-28 05:00:00
JV01187,2025-11-23,잡비,잡비 11월 정산분,1160000.0,김대리,2025-11-24 13:36:00
JV01148,2025-11-23,잡비,잡비 11월 정산분,520000.0,박과장,2025-11-27 17:04:00
JV02702,2025-11-23,복리후생비,복리후생비 11월 정산분,1363000.0,이차장,2025-11-23 18:06:00
JV00481,2025-11-23,잡비,잡비 11월 정산분,766000.0,시스템,2025-11-25 16:10:00
JV00357,2025-11-23,복리후생비,복리후생비 11월 정산분,860000.0,이차장,2025-11-24 18:03:00
JV02410,2025-11-23,외주가공비,외주가공비 11월 정산분,9990000.0,이차장,2025-11-26 18:52:00
JV02058,2025-11-23,복리후생비,복리후생비 11월 정산분,1102000.0,이차장,2025-11-26 08:10:00
JV02109,2025-11-24,미지급비용,미지급비용 11월 정산분,208000.0,최사원,2025-11-27 09:57:00
JV01762,2025-11-24,매출원가,매출원가 11월 정산분,233000.0,최사원,2025-11-28 14:11:00
JV02502,2025-11-24,복리후생비,복리후생비 11월 정산분,3266000.0,김대리,2025-11-27 08:10:00
JV00580,2025-11-24,여비교통비,여비교통비 11월 정산분,8068000.0,이차장,2025-11-25 14:56:00
JV01860,2025-11-24,접대비,접대비 11월 정산분,147000.0,김대리,2025-11-24 11:49:00
JV01222,2025-11-24,매출,매출 11월 정산분,3162000.0,이차장,2025-11-24 16:19:00
JV02157,2025-11-24,광고선전비,광고선전비 11월 정산분,3580000.0,박과장,2025-11-27 13:08:00
JV00280,2025-11-24,접대비,접대비 11월 정산분,3480000.0,이차장,2025-11-28 15:40:00
JV00004,2025-11-24,접대비,접대비 11월 정산분,4842000.0,박과장,2025-11-25 12:44:00
JV00941,2025-11-24,소모품비,소모품비 11월 정산분,332000.0,이차장,2025-11-26 14:02:00
JV00279,2025-11-25,복리후생비,복리후생비 11월 정산분,3828000.0,최사원,2025-11-28 11:38:00
JV02408,2025-11-25,외주가공비,외주가공비 11월 정산분,420000.0,이차장,2025-11-28 12:02:00
JV00417,2025-11-25,소모품비,소모품비 11월 정산분,1620000.0,최사원,2025-11-26 17:38:00
JV01784,2025-11-26,지급수수료,지급수수료 11월 정산분,4021000.0,박과장,2025-11-28 14:23:00
JV00525,2025-11-26,소모품비,소모품비 11월 정산분,764000.0,김대리,2025-11-26 09:24:00
JV02578,2025-11-26,잡비,잡비 11월 정산분,211000.0,이차장,2025-11-30 12:42:00
JV02559,2025-11-26,소모품비,소모품비 11월 정산분,641000.0,김대리,2025-11-27 17:36:00
JV00156,2025-11-26,지급수수료,지급수수료 11월 정산분,1223000.0,김대리,2025-11-30 18:59:00
JV01095,2025-11-26,복리후생비,복리후생비 11월 정산분,6259000.0,박과장,2025-11-29 15:34:00
JV02021,2025-11-26,접대비,접대비 11월 정산분,1272000.0,김대리,2025-11-28 10:08:00
JV00219,2025-11-26,소모품비,소모품비 11월 정산분,1388000.0,이차장,2025-11-30 18:12:00
JV90010,2025-11-26,접대비,접대비 11월 정산분,1272000.0,김대리,2025-11-28 10:08:00
JV02283,2025-11-27,여비교통비,여비교통비 11월 정산분,1173000.0,김대리,2025-12-01 09:14:00
JV00534,2025-11-27,광고선전비,광고선전비 11월 정산분,174000.0,이차장,2025-11-28 11:41:00
JV01574,2025-11-27,여비교통비,여비교통비 11월 정산분,114000.0,김대리,2025-11-29 13:18:00
JV02983,2025-11-27,여비교통비,여비교통비 11월 정산분,176000.0,정부장,2025-11-29 09:06:00
JV02050,2025-11-27,접대비,접대비 11월 정산분,12318000.0,김대리,2025-11-27 09:29:00
JV02923,2025-11-27,여비교통비,여비교통비 11월 정산분,104000.0,박과장,2025-11-29 14:18:00
JV01305,2025-11-27,매출원가,매출원가 11월 정산분,13566000.0,김대리,2025-11-29 18:58:00
JV01944,2025-11-27,외주가공비,외주가공비 11월 정산분,1105000.0,김대리,2025-12-01 16:18:00
JV00199,2025-11-28,소모품비,소모품비 11월 정산분,1021000.0,김대리,2025-11-28 10:08:00
JV00331,2025-11-28,매출원가,매출원가 11월 정산분,1824000.0,최사원,2025-12-01 12:10:00
JV01751,2025-11-28,잡비,잡비 11월 정산분,183000.0,박과장,2025-12-02 08:20:00
JV01843,2025-11-28,접대비,접대비 11월 정산분,8871000.0,박과장,2025-12-02 17:27:00
JV00224,2025-11-28,선급비용,선급비용 11월 정산분,84000.0,김대리,2025-12-02 09:25:00
JV02171,2025-11-29,잡비,잡비 11월 정산분,2762000.0,이차장,2025-06-28 03:00:00
JV00647,2025-11-29,매출원가,매출원가 11월 정산분,2012000.0,최사원,2025-12-01 12:23:00
JV01273,2025-11-29,광고선전비,광고선전비 11월 정산분,1320000.0,정부장,2025-12-02 10:40:00
JV02460,2025-11-29,선급비용,선급비용 11월 정산분,75000.0,박과장,2025-11-29 12:54:00
JV01456,2025-11-29,복리후생비,복리후생비 11월 정산분,293000.0,정부장,2025-11-29 09:11:00
JV00255,2025-11-29,접대비,접대비 11월 정산분,24000.0,김대리,2025-11-30 18:36:00
JV02386,2025-11-30,미지급비용,미지급비용 11월 정산분,489000.0,김대리,2025-11-30 15:00:00
JV02161,2025-11-30,소모품비,소모품비 11월 정산분,493000.0,박과장,2025-12-03 09:18:00
JV00670,2025-11-30,지급수수료,지급수수료 11월 정산분,6972000.0,최사원,2025-12-01 10:29:00
JV01257,2025-11-30,매출원가,매출원가 11월 정산분,1610000.0,최사원,2025-12-04 13:44:00
JV02891,2025-11-30,미지급비용,미지급비용 11월 정산분,998000.0,김대리,2025-12-03 16:12:00
JV00873,2025-11-30,접대비,접대비 11월 정산분,1190000.0,최사원,2025-12-02 17:53:00
JV02925,2025-11-30,미지급비용,미지급비용 11월 정산분,222000.0,김대리,2025-12-04 15:14:00
JV02085,2025-11-30,선급비용,선급비용 11월 정산분,154000.0,박과장,2025-11-30 18:19:00
JV00362,2025-11-30,여비교통비,여비교통비 11월 정산분,345000.0,박과장,2025-12-01 16:22:00
JV00771,2025-11-30,미지급비용,미지급비용 11월 정산분,136000.0,이차장,2025-12-01 18:26:00
JV00013,2025-11-30,광고선전비,광고선전비 11월 정산분,1756000.0,이차장,2025-12-03 15:10:00
JV00457,2025-11-30,매출원가,매출원가 11월 정산분,10076000.0,시스템,2025-11-30 18:47:00
JV00760,2025-11-30,매출원가,매출원가 11월 정산분,274000.0,김대리,2025-12-02 12:45:00
JV01809,2025-12-01,매출,매출 12월 정산분,1826000.0,김대리,2025-12-02 09:39:00
JV02370,2025-12-01,지급수수료,지급수수료 12월 정산분,3947000.0,최사원,2025-12-02 09:44:00
JV00696,2025-12-01,소모품비,소모품비 12월 정산분,372000.0,박과장,2025-12-02 09:12:00
JV00056,2025-12-01,지급수수료,지급수수료 12월 정산분,3895000.0,박과장,2025-12-01 12:20:00
JV01174,2025-12-01,복리후생비,복리후생비 12월 정산분,1011000.0,박과장,2025-12-02 09:18:00
JV01685,2025-12-01,접대비,접대비 12월 정산분,147000.0,박과장,2025-12-01 08:21:00
JV00370,2025-12-01,외주가공비,외주가공비 12월 정산분,85000.0,정부장,2025-12-02 18:24:00
JV00324,2025-12-01,광고선전비,광고선전비 12월 정산분,116000.0,박과장,2025-12-04 11:39:00
JV02817,2025-12-01,미지급비용,미지급비용 12월 정산분,328000.0,최사원,2025-12-02 08:45:00
JV02428,2025-12-01,매출,매출 12월 정산분,1008000.0,이차장,2025-12-03 11:45:00
JV02271,2025-12-01,선급비용,선급비용 12월 정산분,200000.0,이차장,2025-12-03 10:51:00
JV02468,2025-12-01,소모품비,소모품비 12월 정산분,239000.0,박과장,2025-12-02 18:29:00
JV01586,2025-12-02,매출,매출 12월 정산분,13931000.0,김대리,2025-12-06 09:17:00
JV01583,2025-12-02,외주가공비,외주가공비 12월 정산분,853000.0,김대리,2025-12-03 09:25:00
JV00361,2025-12-02,광고선전비,광고선전비 12월 정산분,31000.0,최사원,2025-12-06 15:10:00
JV01605,2025-12-02,복리후생비,복리후생비 12월 정산분,147000.0,박과장,2025-12-06 10:52:00
JV01544,2025-12-02,소모품비,소모품비 12월 정산분,746000.0,박과장,2025-12-02 18:04:00
JV00798,2025-12-02,광고선전비,광고선전비 12월 정산분,3909000.0,이차장,2025-12-02 16:06:00
JV02152,2025-12-02,외주가공비,외주가공비 12월 정산분,256000.0,이차장,2025-12-03 09:29:00
JV00634,2025-12-02,미지급비용,미지급비용 12월 정산분,1436000.0,시스템,2025-12-02 16:00:00
JV00650,2025-12-03,매출원가,매출원가 12월 정산분,286000.0,김대리,2025-12-05 14:09:00
JV01885,2025-12-03,접대비,접대비 12월 정산분,1773000.0,김대리,2025-12-07 15:38:00
JV01839,2025-12-03,매출원가,매출원가 12월 정산분,469000.0,정부장,2025-12-05 15:50:00
JV01082,2025-12-03,매출원가,매출원가 12월 정산분,552000.0,이차장,2025-12-07 15:39:00
JV02189,2025-12-03,복리후생비,복리후생비 12월 정산분,14805000.0,박과장,2025-12-03 16:14:00
JV02652,2025-12-03,지급수수료,지급수수료 12월 정산분,1181000.0,김대리,2025-12-07 14:32:00
JV00311,2025-12-03,지급수수료,지급수수료 12월 정산분,2534000.0,김대리,2025-12-06 17:29:00
JV00919,2025-12-03,매출,매출 12월 정산분,439000.0,박과장,2025-12-06 16:58:00
JV01466,2025-12-03,외주가공비,외주가공비 12월 정산분,633000.0,박과장,2025-12-07 18:23:00
JV01281,2025-12-03,복리후생비,복리후생비 12월 정산분,1510000.0,정부장,2025-12-03 18:12:00
JV01336,2025-12-03,매출원가,매출원가 12월 정산분,247000.0,김대리,2025-12-06 17:33:00
JV02022,2025-12-03,복리후생비,복리후생비 12월 정산분,724000.0,최사원,2025-12-04 11:48:00
JV00292,2025-12-03,접대비,접대비 12월 정산분,2184000.0,최사원,2025-12-06 09:55:00
JV02747,2025-12-04,외주가공비,외주가공비 12월 정산분,1543000.0,이차장,2025-12-05 13:38:00
JV01941,2025-12-04,선급비용,선급비용 12월 정산분,384000.0,최사원,2025-12-05 18:14:00
JV01966,2025-12-04,미지급비용,미지급비용 12월 정산분,6489000.0,김대리,2025-12-08 08:59:00
JV02914,2025-12-04,외주가공비,외주가공비 12월 정산분,293000.0,정부장,2025-12-04 18:12:00
JV02025,2025-12-04,미지급비용,미지급비용 12월 정산분,255000.0,김대리,2025-12-07 18:27:00
JV01446,2025-12-04,지급수수료,지급수수료 12월 정산분,615000.0,최사원,2025-12-07 18:52:00
JV01593,2025-12-04,매출원가,매출원가 12월 정산분,378000.0,김대리,2025-12-08 14:11:00
JV01146,2025-12-04,소모품비,소모품비 12월 정산분,101000.0,박과장,2025-12-08 12:53:00
JV00641,2025-12-04,소모품비,소모품비 12월 정산분,3824000.0,김대리,2025-12-07 13:49:00
JV01748,2025-12-05,미지급비용,미지급비용 12월 정산분,9227000.0,최사원,2025-12-09 16:54:00
JV02699,2025-12-05,소모품비,소모품비 12월 정산분,19000.0,김대리,2025-12-09 17:58:00
JV00973,2025-12-05,선급비용,선급비용 12월 정산분,973000.0,김대리,2025-12-08 16:26:00
JV01765,2025-12-05,매출원가,매출원가 12월 정산분,648000.0,이차장,2025-12-07 11:24:00
JV01218,2025-12-05,지급수수료,지급수수료 12월 정산분,86000.0,김대리,2025-12-06 15:03:00
JV00164,2025-12-05,매출원가,매출원가 12월 정산분,1000000.0,김대리,2025-12-09 09:13:00
JV02396,2025-12-05,접대비,접대비 12월 정산분,203000.0,박과장,2025-12-08 09:01:00
JV02770,2025-12-05,접대비,접대비 12월 정산분,37000.0,김대리,2025-12-09 12:40:00
JV00665,2025-12-05,여비교통비,여비교통비 12월 정산분,453000.0,김대리,2025-12-06 10:54:00
JV02270,2025-12-06,여비교통비,여비교통비 12월 정산분,1561000.0,최사원,2025-12-08 18:26:00
JV02435,2025-12-06,접대비,접대비 12월 정산분,118000.0,박과장,2025-12-10 12:21:00
JV02615,2025-12-06,지급수수료,지급수수료 12월 정산분,3192000.0,최사원,2025-12-10 13:42:00
JV02563,2025-12-06,외주가공비,외주가공비 12월 정산분,986000.0,시스템,2025-12-07 14:56:00
JV00228,2025-12-07,선급비용,선급비용 12월 정산분,1539000.0,시스템,2025-12-10 16:25:00
JV00870,2025-12-07,소모품비,소모품비 12월 정산분,1470000.0,이차장,2025-12-08 14:04:00
JV00861,2025-12-07,매출원가,매출원가 12월 정산분,2281000.0,박과장,2025-12-10 18:28:00
JV00895,2025-12-07,접대비,접대비 12월 정산분,1652000.0,최사원,2025-12-10 17:26:00
JV00989,2025-12-08,지급수수료,지급수수료 12월 정산분,108000.0,박과장,2025-12-11 15:33:00
JV02391,2025-12-08,소모품비,소모품비 12월 정산분,4842000.0,박과장,2025-12-11 11:04:00
JV02412,2025-12-08,광고선전비,광고선전비 12월 정산분,155000.0,최사원,2025-12-12 18:02:00
JV00804,2025-12-08,매출원가,매출원가 12월 정산분,764000.0,김대리,2025-12-11 17:54:00
JV02149,2025-12-08,복리후생비,복리후생비 12월 정산분,55000.0,김대리,2025-12-12 17:45:00
JV02188,2025-12-08,여비교통비,여비교통비 12월 정산분,176000.0,이차장,2025-12-09 14:17:00
JV01731,2025-12-08,소모품비,소모품비 12월 정산분,723000.0,박과장,2025-12-12 11:51:00
JV01558,2025-12-08,매출,매출 12월 정산분,684000.0,박과장,2025-12-08 17:08:00
JV01687,2025-12-08,매출원가,매출원가 12월 정산분,1290000.0,박과장,2025-12-09 11:19:00
JV02160,2025-12-08,여비교통비,여비교통비 12월 정산분,3334000.0,이차장,2025-12-12 16:58:00
JV01175,2025-12-09,매출원가,매출원가 12월 정산분,4100000.0,박과장,2025-12-11 08:10:00
JV00398,2025-12-09,여비교통비,여비교통비 12월 정산분,13913000.0,박과장,2025-12-09 14:21:00
JV01866,2025-12-09,매출원가,매출원가 12월 정산분,943000.0,박과장,2025-12-13 10:54:00
JV01285,2025-12-09,매출원가,매출원가 12월 정산분,26000.0,최사원,2025-12-10 12:39:00
JV02781,2025-12-09,접대비,접대비 12월 정산분,117000.0,최사원,2025-12-09 11:30:00
JV02510,2025-12-09,매출원가,매출원가 12월 정산분,1024000.0,최사원,2025-06-21 03:00:00
JV02520,2025-12-09,복리후생비,복리후생비 12월 정산분,195000.0,박과장,2025-12-11 15:21:00
JV01246,2025-12-09,매출원가,매출원가 12월 정산분,128000.0,김대리,2025-12-10 08:42:00
JV01582,2025-12-09,복리후생비,복리후생비 12월 정산분,961000.0,김대리,2025-12-12 13:23:00
JV00594,2025-12-09,미지급비용,미지급비용 12월 정산분,244000.0,김대리,2025-12-11 08:34:00
JV00717,2025-12-10,외주가공비,외주가공비 12월 정산분,79000.0,이차장,2025-12-10 12:38:00
JV00691,2025-12-10,매출,매출 12월 정산분,4516000.0,김대리,2025-12-14 12:35:00
JV02892,2025-12-10,지급수수료,지급수수료 12월 정산분,558000.0,박과장,2025-12-14 13:21:00
JV00748,2025-12-10,여비교통비,여비교통비 12월 정산분,2462000.0,박과장,2025-12-13 11:16:00
JV01626,2025-12-10,지급수수료,지급수수료 12월 정산분,11511000.0,이차장,2025-12-13 10:45:00
JV00087,2025-12-10,매출원가,매출원가 12월 정산분,7077000.0,김대리,2025-12-12 17:13:00
JV01467,2025-12-10,외주가공비,외주가공비 12월 정산분,5928000.0,최사원,2025-12-14 13:43:00
JV01975,2025-12-10,미지급비용,미지급비용 12월 정산분,6017000.0,이차장,2025-12-11 16:04:00
JV02047,2025-12-10,미지급비용,미지급비용 12월 정산분,2072000.0,김대리,2025-12-13 10:42:00
JV00154,2025-12-11,지급수수료,지급수수료 12월 정산분,168000.0,최사원,2025-12-14 14:10:00
JV01620,2025-12-11,매출원가,매출원가 12월 정산분,312000.0,박과장,2025-12-13 09:59:00
JV01233,2025-12-11,접대비,접대비 12월 정산분,2029000.0,최사원,2025-12-11 17:34:00
JV02930,2025-12-11,지급수수료,지급수수료 12월 정산분,99000.0,정부장,2025-12-13 11:24:00
JV00001,2025-12-11,미지급비용,미지급비용 12월 정산분,974000.0,최사원,2025-12-15 17:40:00
JV00569,2025-12-11,여비교통비,여비교통비 12월 정산분,834000.0,김대리,2025-12-13 18:11:00
JV00735,2025-12-11,외주가공비,외주가공비 12월 정산분,148000.0,박과장,2025-12-14 17:15:00
JV01111,2025-12-11,접대비,접대비 12월 정산분,2188000.0,이차장,2025-12-15 12:25:00
JV00480,2025-12-11,접대비,접대비 12월 정산분,1877000.0,김대리,2025-12-15 16:34:00
JV02761,2025-12-11,소모품비,소모품비 12월 정산분,3563000.0,최사원,2025-12-14 16:13:00
JV01159,2025-12-12,매출원가,매출원가 12월 정산분,109000.0,이차장,2025-12-16 14:40:00
JV02810,2025-12-12,복리후생비,복리후생비 12월 정산분,242000.0,최사원,2025-12-13 08:21:00
JV01622,2025-12-12,매출원가,매출원가 12월 정산분,523000.0,김대리,2025-12-16 15:38:00
JV02483,2025-12-12,외주가공비,외주가공비 12월 정산분,718000.0,박과장,2025-12-16 16:28:00
JV00287,2025-12-12,복리후생비,복리후생비 12월 정산분,2875000.0,정부장,2025-12-15 13:10:00
JV02454,2025-12-12,복리후생비,복리후생비 12월 정산분,4817000.0,이차장,2025-12-16 11:20:00
JV01517,2025-12-12,소모품비,소모품비 12월 정산분,1012000.0,최사원,2025-12-12 12:22:00
JV00978,2025-12-12,매출원가,매출원가 12월 정산분,28000.0,이차장,2025-12-15 08:27:00
JV01718,2025-12-13,지급수수료,지급수수료 12월 정산분,2311000.0,김대리,2025-12-16 10:55:00
JV00262,2025-12-13,매출,매출 12월 정산분,244000.0,이차장,2025-12-13 10:43:00
JV02162,2025-12-13,지급수수료,지급수수료 12월 정산분,448000.0,김대리,2025-12-13 17:19:00
JV00826,2025-12-13,여비교통비,여비교통비 12월 정산분,862000.0,김대리,2025-12-17 10:00:00
JV02862,2025-12-13,매출,매출 12월 정산분,467000.0,정부장,2025-12-17 17:10:00
JV00381,2025-12-13,외주가공비,외주가공비 12월 정산분,1050000.0,이차장,2025-12-15 12:00:00
JV02051,2025-12-13,매출,매출 12월 정산분,713000.0,김대리,2025-12-13 12:03:00
JV00277,2025-12-13,지급수수료,지급수수료 12월 정산분,230000.0,김대리,2025-12-16 14:57:00
JV00663,2025-12-13,잡비,잡비 12월 정산분,303000.0,이차장,2025-12-16 11:26:00
JV01888,2025-12-13,여비교통비,여비교통비 12월 정산분,1217000.0,박과장,2025-12-15 14:43:00
JV01806,2025-12-14,여비교통비,여비교통비 12월 정산분,678000.0,정부장,2025-12-18 13:34:00
JV00247,2025-12-14,여비교통비,여비교통비 12월 정산분,752000.0,최사원,2025-12-14 13:52:00
JV00270,2025-12-14,외주가공비,외주가공비 12월 정산분,19071000.0,김대리,2025-12-15 08:26:00
JV00300,2025-12-14,외주가공비,외주가공비 12월 정산분,3032000.0,최사원,2025-12-15 16:01:00
JV02013,2025-12-14,미지급비용,미지급비용 12월 정산분,296000.0,이차장,2025-12-15 08:33:00
JV01359,2025-12-14,복리후생비,복리후생비 12월 정산분,218000.0,정부장,2025-12-14 17:07:00
JV01203,2025-12-14,접대비,접대비 12월 정산분,1502000.0,이차장,2025-12-18 15:19:00
JV00865,2025-12-14,매출원가,매출원가 12월 정산분,7951000.0,김대리,2025-12-17 09:23:00
JV02308,2025-12-14,매출,매출 12월 정산분,253000.0,박과장,2025-12-16 15:12:00
JV01886,2025-12-14,접대비,접대비 12월 정산분,745000.0,박과장,2025-06-07 04:00:00
JV01186,2025-12-14,매출원가,매출원가 12월 정산분,1410000.0,김대리,2025-12-14 08:23:00
JV01162,2025-12-14,매출,매출 12월 정산분,1306000.0,박과장,2025-12-15 17:51:00
JV00139,2025-12-14,광고선전비,광고선전비 12월 정산분,4938000.0,김대리,2025-12-16 12:31:00
JV02437,2025-12-15,접대비,접대비 12월 정산분,95000.0,최사원,2025-12-15 16:09:00
JV01394,2025-12-15,미지급비용,미지급비용 12월 정산분,1475000.0,이차장,2025-12-19 09:02:00
JV00852,2025-12-16,매출원가,매출원가 12월 정산분,275000.0,최사원,2025-12-18 15:34:00
JV02235,2025-12-16,복리후생비,복리후생비 12월 정산분,3321000.0,박과장,2025-12-18 17:17:00
JV02078,2025-12-16,선급비용,선급비용 12월 정산분,845000.0,최사원,2025-12-19 10:49:00
JV01825,2025-12-16,외주가공비,외주가공비 12월 정산분,5845000.0,이차장,2025-12-18 15:36:00
JV00127,2025-12-16,매출원가,매출원가 12월 정산분,32000.0,김대리,2025-12-16 11:53:00
JV01121,2025-12-16,지급수수료,지급수수료 12월 정산분,1135000.0,최사원,2025-12-18 13:15:00
JV00416,2025-12-17,복리후생비,복리후생비 12월 정산분,20000.0,정부장,2025-12-18 12:45:00
JV00340,2025-12-17,매출,매출 12월 정산분,2994000.0,박과장,2025-12-21 17:11:00
JV01760,2025-12-17,복리후생비,복리후생비 12월 정산분,158000.0,김대리,2025-06-21 04:00:00
JV02198,2025-12-17,매출원가,매출원가 12월 정산분,373000.0,이차장,2025-12-17 15:29:00
JV02974,2025-12-17,매출원가,매출원가 12월 정산분,1309000.0,박과장,2025-12-19 16:12:00
JV02588,2025-12-17,지급수수료,지급수수료 12월 정산분,2779000.0,박과장,2025-12-19 13:35:00
JV00863,2025-12-17,외주가공비,외주가공비 12월 정산분,240000.0,이차장,2025-12-19 15:08:00
JV02151,2025-12-17,접대비,접대비 12월 정산분,2350000.0,최사원,2025-12-17 18:50:00
JV02677,2025-12-17,미지급비용,미지급비용 12월 정산분,364000.0,최사원,2025-12-17 16:37:00
JV01946,2025-12-17,복리후생비,복리후생비 12월 정산분,1136000.0,김대리,2025-12-17 17:43:00
JV00157,2025-12-17,매출,매출 12월 정산분,215000.0,최사원,2025-12-20 08:35:00
JV01899,2025-12-18,복리후생비,복리후생비 12월 정산분,764000.0,최사원,2025-12-18 18:14:00
JV01056,2025-12-18,매출원가,매출원가 12월 정산분,1915000.0,정부장,2025-12-22 16:55:00
JV00747,2025-12-18,광고선전비,광고선전비 12월 정산분,826000.0,박과장,2025-12-20 09:37:00
JV01114,2025-12-18,소모품비,소모품비 12월 정산분,616000.0,박과장,2025-12-19 11:02:00
JV00937,2025-12-18,광고선전비,광고선전비 12월 정산분,214000.0,이차장,2025-12-21 18:11:00
JV02420,2025-12-18,외주가공비,외주가공비 12월 정산분,532000.0,이차장,2025-12-18 08:44:00
JV01988,2025-12-18,잡비,잡비 12월 정산분,1089000.0,박과장,2025-12-21 13:54:00
JV02041,2025-12-18,잡비,잡비 12월 정산분,26000.0,이차장,2025-12-22 18:51:00
JV02326,2025-12-18,미지급비용,미지급비용 12월 정산분,3162000.0,최사원,2025-12-21 15:41:00
JV01300,2025-12-18,소모품비,소모품비 12월 정산분,240000.0,박과장,2025-12-20 15:01:00
JV00083,2025-12-19,지급수수료,지급수수료 12월 정산분,12000.0,이차장,2025-12-23 08:40:00
JV02592,2025-12-19,지급수수료,지급수수료 12월 정산분,2568000.0,김대리,2025-12-20 11:07:00
JV02723,2025-12-19,외주가공비,외주가공비 12월 정산분,755000.0,이차장,2025-12-20 13:11:00
JV00812,2025-12-19,외주가공비,외주가공비 12월 정산분,799000.0,박과장,2025-12-21 16:18:00
JV02348,2025-12-19,매출원가,매출원가 12월 정산분,41000.0,이차장,2025-12-20 08:48:00
JV02896,2025-12-19,선급비용,선급비용 12월 정산분,831000.0,박과장,2025-12-19 10:36:00
JV00202,2025-12-20,소모품비,소모품비 12월 정산분,279000.0,이차장,2025-12-23 16:32:00
JV00171,2025-12-20,매출원가,매출원가 12월 정산분,137000.0,김대리,2025-12-20 13:39:00
JV01947,2025-12-20,매출,매출 12월 정산분,884000.0,최사원,2025-12-23 17:26:00
JV00625,2025-12-20,지급수수료,지급수수료 12월 정산분,547000.0,이차장,2025-12-22 09:10:00
JV01702,2025-12-20,매출원가,매출원가 12월 정산분,487000.0,박과장,2025-06-07 05:00:00
JV01409,2025-12-20,접대비,접대비 12월 정산분,269000.0,최사원,2025-12-22 11:52:00
JV00069,2025-12-20,매출원가,매출원가 12월 정산분,5447000.0,김대리,2025-12-23 10:51:00
JV01380,2025-12-20,매출,매출 12월 정산분,244000.0,김대리,2025-12-20 09:13:00
JV02430,2025-12-20,여비교통비,여비교통비 12월 정산분,1136000.0,최사원,2025-12-24 16:41:00
JV02381,2025-12-20,복리후생비,복리후생비 12월 정산분,46000.0,최사원,2025-12-24 17:25:00
JV00183,2025-12-20,매출원가,매출원가 12월 정산분,5787000.0,김대리,2025-12-22 14:44:00
JV02031,2025-12-20,여비교통비,여비교통비 12월 정산분,662000.0,최사원,2025-12-20 18:48:00
JV00138,2025-12-20,매출원가,매출원가 12월 정산분,467000.0,박과장,2025-12-24 08:39:00
JV01067,2025-12-21,미지급비용,미지급비용 12월 정산분,735000.0,최사원,2025-12-22 15:36:00
JV00801,2025-12-21,외주가공비,외주가공비 12월 정산분,1009000.0,박과장,2025-12-24 11:38:00
JV00752,2025-12-21,잡비,잡비 12월 정산분,31000.0,최사원,2025-12-25 14:26:00
JV02383,2025-12-21,소모품비,소모품비 12월 정산분,54000.0,이차장,2025-12-21 11:18:00
JV01553,2025-12-21,매출원가,매출원가 12월 정산분,334000.0,박과장,2025-12-21 17:15:00
JV00383,2025-12-21,여비교통비,여비교통비 12월 정산분,671000.0,김대리,2025-12-22 08:04:00
JV01513,2025-12-21,미지급비용,미지급비용 12월 정산분,60000.0,박과장,2025-12-22 18:53:00
JV00241,2025-12-21,지급수수료,지급수수료 12월 정산분,807000.0,김대리,2025-12-25 12:18:00
JV00053,2025-12-21,매출원가,매출원가 12월 정산분,1322000.0,이차장,2025-12-24 12:53:00
JV00312,2025-12-21,소모품비,소모품비 12월 정산분,1308000.0,최사원,2025-12-25 09:28:00
JV01998,2025-12-21,매출,매출 12월 정산분,1411000.0,시스템,2025-12-25 10:24:00
JV02530,2025-12-21,복리후생비,복리후생비 12월 정산분,857000.0,김대리,2025-12-23 11:46:00
JV02213,2025-12-22,매출,매출 12월 정산분,30979000.0,이차장,2025-12-22 12:58:00
JV01568,2025-12-22,지급수수료,지급수수료 12월 정산분,351000.0,이차장,2025-06-28 05:00:00
JV01215,2025-12-22,매출,매출 12월 정산분,483000.0,박과장,2025-12-22 15:50:00
JV00787,2025-12-22,지급수수료,지급수수료 12월 정산분,3882000.0,최사원,2025-12-22 12:10:00
JV02771,2025-12-22,매출원가,매출원가 12월 정산분,2367000.0,김대리,2025-12-22 09:46:00
JV01916,2025-12-22,외주가공비,외주가공비 12월 정산분,3411000.0,박과장,2025-12-25 17:40:00
JV01836,2025-12-23,선급비용,선급비용 12월 정산분,6919000.0,최사원,2025-12-25 16:12:00
JV01381,2025-12-23,잡비,잡비 12월 정산분,2848000.0,최사원,2025-12-26 17:53:00
JV01473,2025-12-23,잡비,잡비 12월 정산분,466000.0,시스템,2025-12-27 13:54:00
JV01749,2025-12-23,매출원가,매출원가 12월 정산분,1423000.0,최사원,2025-12-24 14:03:00
JV00746,2025-12-24,미지급비용,미지급비용 12월 정산분,277000.0,최사원,2025-12-25 09:15:00
JV00274,2025-12-24,외주가공비,외주가공비 12월 정산분,142000.0,최사원,2025-12-25 16:54:00
JV01575,2025-12-24,매출원가,매출원가 12월 정산분,6956000.0,최사원,2025-12-27 18:42:00
JV01990,2025-12-24,매출,매출 12월 정산분,427000.0,김대리,2025-12-26 09:28:00
JV00118,2025-12-24,외주가공비,외주가공비 12월 정산분,681000.0,최사원,2025-12-24 08:26:00
JV01377,2025-12-24,지급수수료,지급수수료 12월 정산분,2072000.0,김대리,2025-12-24 16:06:00
JV01155,2025-12-25,접대비,접대비 12월 정산분,609000.0,박과장,2025-12-27 12:50:00
JV02333,2025-12-25,매출원가,매출원가 12월 정산분,409000.0,이차장,2025-12-26 17:49:00
JV00177,2025-12-25,외주가공비,외주가공비 12월 정산분,284000.0,최사원,2025-12-29 08:45:00
JV01484,2025-12-25,잡비,잡비 12월 정산분,595000.0,이차장,2025-12-25 17:21:00
JV01841,2025-12-25,접대비,접대비 12월 정산분,347000.0,박과장,2025-12-26 09:19:00
JV02745,2025-12-25,소모품비,소모품비 12월 정산분,177000.0,정부장,2025-12-29 08:57:00
JV01801,2025-12-26,복리후생비,복리후생비 12월 정산분,5565000.0,이차장,2025-12-28 14:22:00
JV02758,2025-12-26,매출원가,매출원가 12월 정산분,533000.0,박과장,2025-12-27 16:18:00
JV02852,2025-12-26,매출원가,매출원가 12월 정산분,8013000.0,시스템,2025-12-26 09:31:00
JV02728,2025-12-26,미지급비용,미지급비용 12월 정산분,1371000.0,시스템,2025-12-26 08:43:00
JV02929,2025-12-26,접대비,접대비 12월 정산분,591000.0,이차장,2025-12-28 16:01:00
JV02238,2025-12-26,소모품비,소모품비 12월 정산분,9035000.0,김대리,2025-12-26 18:53:00
JV00767,2025-12-26,잡비,잡비 12월 정산분,229000.0,김대리,2025-12-28 17:50:00
JV00707,2025-12-27,매출,매출 12월 정산분,666000.0,박과장,2025-12-29 17:08:00
JV00040,2025-12-27,미지급비용,미지급비용 12월 정산분,105000.0,이차장,2025-12-30 15:04:00
JV00779,2025-12-27,지급수수료,지급수수료 12월 정산분,168000.0,김대리,2025-12-30 18:19:00
JV02886,2025-12-27,소모품비,소모품비 12월 정산분,1641000.0,박과장,2025-12-28 13:01:00
JV00656,2025-12-27,광고선전비,광고선전비 12월 정산분,3769000.0,시스템,2025-12-28 16:42:00
JV00265,2025-12-27,지급수수료,지급수수료 12월 정산분,1864000.0,최사원,2025-12-28 11:17:00
JV02505,2025-12-27,광고선전비,광고선전비 12월 정산분,202000.0,최사원,2025-12-27 13:32:00
JV02958,2025-12-28,매출원가,매출원가 12월 정산분,523000.0,최사원,2025-12-28 18:04:00
JV01874,2025-12-28,선급비용,선급비용 12월 정산분,267000.0,김대리,2025-12-31 15:08:00
JV01773,2025-12-28,소모품비,소모품비 12월 정산분,46000.0,최사원,2025-12-30 08:46:00
JV01911,2025-12-28,접대비,접대비 12월 정산분,147000.0,최사원,2025-12-30 11:16:00
JV02380,2025-12-28,광고선전비,광고선전비 12월 정산분,151000.0,김대리,2025-12-31 12:26:00
JV00027,2025-12-28,복리후생비,복리후생비 12월 정산분,348000.0,김대리,2025-12-30 16:44:00
JV01716,2025-12-28,복리후생비,복리후생비 12월 정산분,8029000.0,시스템,2026-01-01 17:27:00
JV02918,2025-12-28,여비교통비,여비교통비 12월 정산분,845000.0,이차장,2025-12-31 13:04:00
JV01176,2025-12-28,미지급비용,미지급비용 12월 정산분,141000.0,김대리,2026-01-01 15:59:00
JV01710,2025-12-28,광고선전비,광고선전비 12월 정산분,473000.0,김대리,2025-12-28 18:01:00
JV02544,2025-12-28,외주가공비,외주가공비 12월 정산분,664000.0,박과장,2025-12-30 14:18:00
JV02995,2025-12-28,소모품비,소모품비 12월 정산분,22037000.0,김대리,2025-12-30 08:29:00
JV02072,2025-12-28,외주가공비,외주가공비 12월 정산분,817000.0,김대리,2025-12-29 13:43:00
JV00642,2025-12-29,지급수수료,지급수수료 12월 정산분,2762000.0,최사원,2026-01-02 17:31:00
JV02439,2025-12-29,선급비용,선급비용 12월 정산분,446000.0,김대리,2026-01-01 18:53:00
JV02843,2025-12-29,광고선전비,광고선전비 12월 정산분,90000.0,김대리,2025-12-30 10:51:00
JV00487,2025-12-29,외주가공비,외주가공비 12월 정산분,1017000.0,김대리,2025-12-31 13:19:00
JV01861,2025-12-29,미지급비용,미지급비용 12월 정산분,190000.0,박과장,2025-12-31 08:49:00
JV02752,2025-12-29,선급비용,선급비용 12월 정산분,1196000.0,박과장,2025-12-31 11:27:00
JV02141,2025-12-29,매출원가,매출원가 12월 정산분,712000.0,김대리,2025-12-29 15:57:00
JV01001,2025-12-29,지급수수료,지급수수료 12월 정산분,1570000.0,최사원,2025-12-30 08:46:00
JV01614,2025-12-29,여비교통비,여비교통비 12월 정산분,669000.0,박과장,2026-01-01 12:10:00
JV02911,2025-12-29,지급수수료,지급수수료 12월 정산분,1470000.0,김대리,2026-01-02 13:05:00
JV00065,2025-12-29,외주가공비,외주가공비 12월 정산분,9990000.0,이차장,2025-12-31 12:33:00
JV02126,2025-12-29,접대비,접대비 12월 정산분,295000.0,박과장,2026-01-02 13:38:00
JV01673,2025-12-29,매출원가,매출원가 12월 정산분,573000.0,최사원,2025-12-29 13:16:00
JV00592,2025-12-30,외주가공비,외주가공비 12월 정산분,1436000.0,이차장,2025-12-31 17:20:00
JV02448,2025-12-30,복리후생비,복리후생비 12월 정산분,341000.0,박과장,2025-12-31 14:44:00
JV00692,2025-12-30,매출,매출 12월 정산분,446000.0,이차장,2025-12-30 13:59:00
JV02166,2025-12-30,복리후생비,복리후생비 12월 정산분,678000.0,김대리,2026-01-01 17:21:00
JV01602,2025-12-30,소모품비,소모품비 12월 정산분,860000.0,최사원,2025-12-31 16:48:00
JV00733,2025-12-30,광고선전비,광고선전비 12월 정산분,1338000.0,정부장,2026-01-03 09:25:00
JV00034,2025-12-30,미지급비용,미지급비용 12월 정산분,9658000.0,김대리,2026-01-03 15:08:00
JV00085,2025-12-31,미지급비용,미지급비용 12월 정산분,71000000.0,정부장,2025-12-31 23:00:00
JV01302,2025-12-31,미지급비용,미지급비용 12월 정산분,64000000.0,정부장,2025-12-31 22:00:00
JV02458,2025-12-31,외주가공비,외주가공비 12월 정산분,891000.0,이차장,2026-01-03 17:59:00
JV00462,2025-12-31,미지급비용,미지급비용 12월 정산분,86000000.0,정부장,2025-12-31 22:00:00
JV01793,2025-12-31,미지급비용,미지급비용 12월 정산분,46000000.0,정부장,2025-12-31 23:00:00
JV02715,2025-12-31,미지급비용,미지급비용 12월 정산분,78000000.0,정부장,2025-12-31 22:00:00
JV01587,2025-12-31,미지급비용,미지급비용 12월 정산분,74000000.0,정부장,2025-12-31 22:00:00
JV00968,2025-12-31,접대비,접대비 12월 정산분,3897000.0,김대리,2026-01-02 08:17:00
JV02091,2025-12-31,미지급비용,미지급비용 12월 정산분,86000000.0,정부장,2025-12-31 22:00:00
JV00163,2025-12-31,미지급비용,미지급비용 12월 정산분,80000000.0,정부장,2025-12-31 22:00:00
JV00110,2025-12-31,미지급비용,미지급비용 12월 정산분,54000000.0,정부장,2025-12-31 22:00:00
JV00225,2025-12-31,매출원가,매출원가 12월 정산분,146000.0,박과장,2025-12-31 08:10:00
JV02297,2025-12-31,미지급비용,미지급비용 12월 정산분,55000000.0,정부장,2025-12-31 23:00:00
JV02148,2025-12-31,미지급비용,미지급비용 12월 정산분,33000000.0,정부장,2025-12-31 22:00:00
JV01937,2025-12-31,소모품비,소모품비 12월 정산분,398000.0,이차장,2026-01-01 17:08:00
JV00566,2025-12-31,미지급비용,미지급비용 12월 정산분,79000000.0,정부장,2025-12-31 22:00:00
